instance,wasm_hash,token_id_type,functions,events
"CC6JME4U4OYI2EHBWTONE6CGQ6FIF24DV3AB3JYFK7DPHCYCDFVNEXDX","0191f55837f76fa8d2c1d5374000c80cd0b33dfaddafcf27b50c7c8b1547328a","u32","burn,mint,name,symbol,approve,balance,owner_of,transfer,burn_from,get_owner,token_uri,get_approved,get_token_id,total_supply,transfer_from,__constructor,approve_for_all,accept_ownership,get_owner_token_id,renounce_ownership,transfer_ownership,is_approved_for_all",""
"CDA7ZJIH4KRE2R5OCDGC3BTG3XIFAGM7ME2SBYQD5UKJT4IF33GZMQ55","01aa22418312a9c5137150961bdf2a43eadaafe5adf935eaedab622555df324f","u32","__constructor,update_metadata,mint_default,mint_custom,get_credential,get_owner_token,balance_of,custom_token_uri,token_metadata,get_global_metadata,balance,owner_of,transfer,transfer_from,approve,approve_for_all,get_approved,is_approved_for_all,token_uri,name,symbol,burn,burn_from",""
"CC64BBFHI6WVBUARNNMJN4LMFSO4DUI3WCQ7EFQKVXGCXIO3JGZTABXH","027bd328b31767fae389ef191b159d2f25eecf86aaeefd6c1481feca369eb74c","string","initialize,mint,batch_mint,transfer,owner_of,get_metadata,get_admin,transfer_admin,upgrade",""
"CBK4KAHLHNWOF4HEZFY2W57NYMSC4DLZGLGCM4HZUPAUU3PDPM3IMRS4","089c7a8ffa046ad4097b12bdadada4255e5a4c5b2420415c4f6dafc5db6e72d6","string","initialize,mint,check,transfer_from,owner_of,set_base_uri,get_base_uri,get_token_uri",""
"CCIP47L5YFBTIQVYJVXZ2KXP3Z33CYJDOQIQAGIHEDFFHXVVH3A4NWNH","0b913ee4752e49d33714e7b90c206a328702a32c8849a7c6c2cd0ac8e70d65f7","u32","burn,mint,name,ping,symbol,approve,balance,upgrade,owner_of,transfer,burn_from,get_image,get_owner,set_image,token_uri,max_supply,get_approved,royalty_info,total_minted,__constructor,transfer_from,approve_for_all,accept_ownership,renounce_ownership,transfer_ownership,is_approved_for_all,set_royalty_recipient","RoleGranted,RoleRevoked,AdminRenounced,RoleAdminChanged,AdminTransferCompleted,AdminTransferInitiated,OwnershipTransfer,OwnershipRenounced,OwnershipTransferCompleted,SetRoot,SetClaimed,Paused,Unpaused,ConsecutiveMint,Burn,SetTokenRoyalty,SetDefaultRoyalty,RemoveTokenRoyalty,Mint,Approve,Transfer,ApproveForAll,ModuleAdded,ModuleRemoved,DocumentRemoved,DocumentUpdated,KeyAllowed,KeyRemoved,ClaimRevoked,SignaturesInvalidated,ClaimAdded,ClaimChanged,ClaimRemoved,Burn,Mint,ClaimTopicAdded,ClaimTopicRemoved,TrustedIssuerAdded,IssuerTopicsUpdated,TrustedIssuerRemoved,IdentityStored,CountryDataAdded,IdentityModified,IdentityUnstored,IdentityRecovered,CountryDataRemoved,CountryDataModified,TokensFrozen,AddressFrozen,ComplianceSet,TokensUnfrozen,RecoverySuccess,IdentityVerifierSet,TokenOnchainIdUpdated,ClaimTopicsAndIssuersSet,TokenBound,TokenUnbound,Deposit,Withdraw,Burn,UserAllowed,UserDisallowed,UserBlocked,UserUnblocked,Mint,Approve,Transfer"
"CCIP47L5YFBTIQVYJVXZ2KXP3Z33CYJDOQIQAGIHEDFFHXVVH3A4NWNH","0bc09721311516e6b7e43421a5e25ad45a438d1438d1d4aa423ea7202a5bea63","u32","burn,mint,name,ping,symbol,approve,balance,upgrade,owner_of,transfer,burn_from,get_image,get_owner,token_uri,max_supply,get_approved,royalty_info,total_minted,__constructor,transfer_from,approve_for_all,accept_ownership,renounce_ownership,transfer_ownership,is_approved_for_all,set_royalty_recipient","RoleGranted,RoleRevoked,AdminRenounced,RoleAdminChanged,AdminTransferCompleted,AdminTransferInitiated,OwnershipTransfer,OwnershipRenounced,OwnershipTransferCompleted,SetRoot,SetClaimed,Paused,Unpaused,ConsecutiveMint,Burn,SetTokenRoyalty,SetDefaultRoyalty,RemoveTokenRoyalty,Mint,Approve,Transfer,ApproveForAll,ModuleAdded,ModuleRemoved,DocumentRemoved,DocumentUpdated,KeyAllowed,KeyRemoved,ClaimRevoked,SignaturesInvalidated,ClaimAdded,ClaimChanged,ClaimRemoved,Burn,Mint,ClaimTopicAdded,ClaimTopicRemoved,TrustedIssuerAdded,IssuerTopicsUpdated,TrustedIssuerRemoved,IdentityStored,CountryDataAdded,IdentityModified,IdentityUnstored,IdentityRecovered,CountryDataRemoved,CountryDataModified,TokensFrozen,AddressFrozen,ComplianceSet,TokensUnfrozen,RecoverySuccess,IdentityVerifierSet,TokenOnchainIdUpdated,ClaimTopicsAndIssuersSet,TokenBound,TokenUnbound,Deposit,Withdraw,Burn,UserAllowed,UserDisallowed,UserBlocked,UserUnblocked,Mint,Approve,Transfer"
"CB2SIYGHFGQMKEYQUWCTF3HCWBCPFUSRGVWXOPV3LIJR7K5LRPFXZEYK","0d86a5873854a72266975c0b2446c79b3e33303d0c3b8376817b3322ca928c54","string","mint,exists,owner_of,transfer,is_locked,extend_ttl,initialize,royalty_info,total_supply,get_registrar,lock_registry,initialize_royalty",""
"CBHUX3RSBKAL7MJUOUA3PPW3TA65YRFLCGASJ5TNHY7HDLXCHWZQA6GR","142a6bc9cd56dc2c0edc713132c82111a8b44bf15be5ff12a774cb016e143f55","u32","__constructor,set_metadata_uri,total_supply,get_max_supply,get_token_data,get_owner_tokens,mint_with_data,mint,get_token_metadata,bulk_mint_with_data,balance,owner_of,transfer,transfer_from,approve,approve_for_all,get_approved,is_approved_for_all,name,symbol,token_uri,burn,burn_from",""
"CCRIDTVINSOTNYOY6QNZ7JDCXWPOFF4SS3XXOIJIEPGVDGQ7UJP3DMJS","142a6bc9cd56dc2c0edc713132c82111a8b44bf15be5ff12a774cb016e143f55","u32","__constructor,set_metadata_uri,total_supply,get_max_supply,get_token_data,get_owner_tokens,mint_with_data,mint,get_token_metadata,bulk_mint_with_data,balance,owner_of,transfer,transfer_from,approve,approve_for_all,get_approved,is_approved_for_all,name,symbol,token_uri,burn,burn_from",""
"CBWAO4KMISTENIPB266Z75WE7CWHLLPYY4QVUVRIAMTRJANPT4WZHNNK","19fcba31e1f40fbdf84254b24812ea314069ccb9788347d5ab5e03fc105a0134","u32","burn,mint,name,symbol,approve,balance,owner_of,transfer,burn_from,get_owner,token_uri,get_approved,get_token_id,total_supply,transfer_from,__constructor,approve_for_all,accept_ownership,get_owner_token_id,renounce_ownership,transfer_ownership,is_approved_for_all",""
"CDY53U64IBGRTIABOQDS3ZXAIYP3S3VY42TKOX2G65E2UVBF3YLS7NJ6","1a5e7ee9fc8023cc176fe70a0621a971f020a141f1709def865523d5747c8afd","string","initialize,mint,check,add_minter,remove_minter,transfer_from,owner_of,set_base_uri,get_base_uri,get_token_uri",""
"CBHOJOPZ5BCWQ63RLMTCG73I3MM6E2N5UNZ2AE3ZVYY4MMFFAGUI6QVF","1e00a0b9718b95a0cc799111d231ffc890f03373d21cb87d5501946536a6dd54","string","initialize,mint,check,add_minter,remove_minter,burn,transfer_from,owner_of,set_base_uri,get_base_uri,get_token_uri",""
"CCIP47L5YFBTIQVYJVXZ2KXP3Z33CYJDOQIQAGIHEDFFHXVVH3A4NWNH","24640750cd5ee593c1dcf32833b8f46d32bdba01b29ec2dd9d3e5098b870b60a","u32","burn,mint,name,pause,paused,reveal,symbol,approve,balance,unpause,base_uri,owner_of,transfer,burn_from,get_owner,token_uri,max_supply,mint_batch,is_revealed,merkle_root,public_mint,get_approved,royalty_info,total_minted,__constructor,set_claimable,transfer_from,batch_transfer,whitelist_mint,approve_for_all,set_merkle_root,accept_ownership,whitelist_active,get_token_metadata,public_mint_active,renounce_ownership,transfer_ownership,batch_set_claimable,is_approved_for_all,set_whitelist_active,set_royalty_recipient,set_public_mint_active","RoleGranted,RoleRevoked,AdminRenounced,RoleAdminChanged,AdminTransferCompleted,AdminTransferInitiated,OwnershipTransfer,OwnershipRenounced,OwnershipTransferCompleted,SetRoot,SetClaimed,Paused,Unpaused,ConsecutiveMint,Burn,SetTokenRoyalty,SetDefaultRoyalty,RemoveTokenRoyalty,Mint,Approve,Transfer,ApproveForAll,ModuleAdded,ModuleRemoved,DocumentRemoved,DocumentUpdated,KeyAllowed,KeyRemoved,ClaimRevoked,SignaturesInvalidated,ClaimAdded,ClaimChanged,ClaimRemoved,Burn,Mint,ClaimTopicAdded,ClaimTopicRemoved,TrustedIssuerAdded,IssuerTopicsUpdated,TrustedIssuerRemoved,IdentityStored,CountryDataAdded,IdentityModified,IdentityUnstored,IdentityRecovered,CountryDataRemoved,CountryDataModified,TokensFrozen,AddressFrozen,ComplianceSet,TokensUnfrozen,RecoverySuccess,IdentityVerifierSet,TokenOnchainIdUpdated,ClaimTopicsAndIssuersSet,TokenBound,TokenUnbound,Deposit,Withdraw,Burn,UserAllowed,UserDisallowed,UserBlocked,UserUnblocked,Mint,Approve,Transfer"
"CACBLW2QZV62NYGBAXKH7FL23EY2XZ7FVAI377LFFVSCU6QX2XUFGPML","2916599bb56355538ad993dc5e739c5f177be994b52915fb2f506a9e3871c0ce","u32","__constructor,mint,mint_credential,get_credential,get_owner_token,balance_of,balance,owner_of,transfer,transfer_from,approve,approve_for_all,get_approved,is_approved_for_all,token_uri,name,symbol,burn,burn_from",""
"CC7CJKECLKPZW7E4WMC5W5FRQE5VNAQL52AEEG4ZTSYG3DVUBY65I4I6","2916599bb56355538ad993dc5e739c5f177be994b52915fb2f506a9e3871c0ce","u32","__constructor,mint,mint_credential,get_credential,get_owner_token,balance_of,balance,owner_of,transfer,transfer_from,approve,approve_for_all,get_approved,is_approved_for_all,token_uri,name,symbol,burn,burn_from",""
"CDZGM6SZGSFTGBB7QN45N6PEBAZTWUHBMOE2JQOYDKGKUQSLIFL3I7QG","2916599bb56355538ad993dc5e739c5f177be994b52915fb2f506a9e3871c0ce","u32","__constructor,mint,mint_credential,get_credential,get_owner_token,balance_of,balance,owner_of,transfer,transfer_from,approve,approve_for_all,get_approved,is_approved_for_all,token_uri,name,symbol,burn,burn_from",""
"CAVK536DH2G3PQG65AJU6TOTRFB6QWTXBV5ADLJ42RTK3JGWHC7H54K3","2a4b9e2a5b325b5f7dc440b28df35c360795e85e034a02b758f3259f9fedfc61","u32","burn,mint,name,pause,paused,reveal,symbol,approve,balance,unpause,upgrade,version,base_uri,decimals,owner_of,transfer,burn_from,get_owner,token_uri,max_supply,mint_batch,is_revealed,merkle_root,public_mint,get_approved,royalty_info,set_base_uri,total_minted,__constructor,get_token_uri,set_claimable,set_token_uri,transfer_from,batch_transfer,whitelist_mint,approve_for_all,set_merkle_root,accept_ownership,whitelist_active,get_token_metadata,public_mint_active,renounce_ownership,transfer_ownership,batch_set_claimable,is_approved_for_all,set_whitelist_active,set_royalty_recipient,set_public_mint_active,batch_set_claimable_multi","RoleGranted,RoleRevoked,AdminRenounced,RoleAdminChanged,AdminTransferCompleted,AdminTransferInitiated,OwnershipTransfer,OwnershipRenounced,OwnershipTransferCompleted,SetRoot,SetClaimed,Paused,Unpaused,ConsecutiveMint,Burn,SetTokenRoyalty,SetDefaultRoyalty,RemoveTokenRoyalty,Mint,Approve,Transfer,ApproveForAll,ModuleAdded,ModuleRemoved,DocumentRemoved,DocumentUpdated,KeyAllowed,KeyRemoved,ClaimRevoked,SignaturesInvalidated,ClaimAdded,ClaimChanged,ClaimRemoved,Burn,Mint,ClaimTopicAdded,ClaimTopicRemoved,TrustedIssuerAdded,IssuerTopicsUpdated,TrustedIssuerRemoved,IdentityStored,CountryDataAdded,IdentityModified,IdentityUnstored,IdentityRecovered,CountryDataRemoved,CountryDataModified,TokensFrozen,AddressFrozen,ComplianceSet,TokensUnfrozen,RecoverySuccess,IdentityVerifierSet,TokenOnchainIdUpdated,ClaimTopicsAndIssuersSet,TokenBound,TokenUnbound,Deposit,Withdraw,Burn,UserAllowed,UserDisallowed,UserBlocked,UserUnblocked,Mint,Approve,Transfer"
"CDNMNOMCY4WT3IL4ERB7OEBXAR64WMMJOREO2UAJZZW7OOTVFTVUJNPM","32507ca48ace092bb9522c88473f47f87ee840870f6892e579200f478b07b975","u32","burn,mint,name,ping,claim,pause,paused,symbol,approve,balance,unpause,upgrade,version,base_uri,decimals,owner_of,transfer,burn_from,get_owner,token_uri,mint_batch,batch_claim,public_mint,get_approved,get_claimant,is_claimable,royalty_info,set_base_uri,total_minted,__constructor,set_claimable,set_token_uri,transfer_from,batch_transfer,approve_for_all,set_public_mint,accept_ownership,public_mint_active,renounce_ownership,transfer_ownership,is_approved_for_all,batch_make_claimable,set_royalty_recipient","RoleGranted,RoleRevoked,AdminRenounced,RoleAdminChanged,AdminTransferCompleted,AdminTransferInitiated,OwnershipTransfer,OwnershipRenounced,OwnershipTransferCompleted,SetRoot,SetClaimed,Paused,Unpaused,ConsecutiveMint,Burn,SetTokenRoyalty,SetDefaultRoyalty,RemoveTokenRoyalty,Mint,Approve,Transfer,ApproveForAll,ModuleAdded,ModuleRemoved,DocumentRemoved,DocumentUpdated,KeyAllowed,KeyRemoved,ClaimRevoked,SignaturesInvalidated,ClaimAdded,ClaimChanged,ClaimRemoved,Burn,Mint,ClaimTopicAdded,ClaimTopicRemoved,TrustedIssuerAdded,IssuerTopicsUpdated,TrustedIssuerRemoved,IdentityStored,CountryDataAdded,IdentityModified,IdentityUnstored,IdentityRecovered,CountryDataRemoved,CountryDataModified,TokensFrozen,AddressFrozen,ComplianceSet,TokensUnfrozen,RecoverySuccess,IdentityVerifierSet,TokenOnchainIdUpdated,ClaimTopicsAndIssuersSet,TokenBound,TokenUnbound,Deposit,Withdraw,Burn,UserAllowed,UserDisallowed,UserBlocked,UserUnblocked,Mint,Approve,Transfer"
"CAGTJX5BAYGSC7MHIVXMPE7ZSYK5BHCVSTRCNC23P6DJM26LP6KFWGX4","3f7792e289df95d3199ed9db35a0cf2a5154aa64cd7298a8c441b7170230635b","u32","__constructor,set_metadata_uri,total_supply,get_max_supply,get_token_data,get_owner_tokens,mint_with_data,mint,get_token_metadata,bulk_mint_with_data,balance,owner_of,transfer,transfer_from,approve,approve_for_all,get_approved,is_approved_for_all,name,symbol,token_uri,burn,burn_from",""
"CBQIUHOCBV2UULFV63UAPIRV5CJLON7TFBQ7WZWD6KUFCFGMDDAYKNP3","3f7792e289df95d3199ed9db35a0cf2a5154aa64cd7298a8c441b7170230635b","u32","__constructor,set_metadata_uri,total_supply,get_max_supply,get_token_data,get_owner_tokens,mint_with_data,mint,get_token_metadata,bulk_mint_with_data,balance,owner_of,transfer,transfer_from,approve,approve_for_all,get_approved,is_approved_for_all,name,symbol,token_uri,burn,burn_from",""
"CCKYHF5FDM2BW4KDNT2JWGLLBDHA6FFABN62WNRC3K4WD2EZFN63UQAY","3f7792e289df95d3199ed9db35a0cf2a5154aa64cd7298a8c441b7170230635b","u32","__constructor,set_metadata_uri,total_supply,get_max_supply,get_token_data,get_owner_tokens,mint_with_data,mint,get_token_metadata,bulk_mint_with_data,balance,owner_of,transfer,transfer_from,approve,approve_for_all,get_approved,is_approved_for_all,name,symbol,token_uri,burn,burn_from",""
"CCTYMI5ME6NFJC675P2CHNVG467YQJQ5E4TWP5RAPYYNKWK7DIUUDENN","3f7792e289df95d3199ed9db35a0cf2a5154aa64cd7298a8c441b7170230635b","u32","__constructor,set_metadata_uri,total_supply,get_max_supply,get_token_data,get_owner_tokens,mint_with_data,mint,get_token_metadata,bulk_mint_with_data,balance,owner_of,transfer,transfer_from,approve,approve_for_all,get_approved,is_approved_for_all,name,symbol,token_uri,burn,burn_from",""
"CDY2JQXVWASXQLXHPGKTDHKNZLVZI44NYPHN6HECRT6FTJ7PRCHAQ7QG","3f7792e289df95d3199ed9db35a0cf2a5154aa64cd7298a8c441b7170230635b","u32","__constructor,set_metadata_uri,total_supply,get_max_supply,get_token_data,get_owner_tokens,mint_with_data,mint,get_token_metadata,bulk_mint_with_data,balance,owner_of,transfer,transfer_from,approve,approve_for_all,get_approved,is_approved_for_all,name,symbol,token_uri,burn,burn_from",""
"CDTIVJUELBW7QRWZ7C36FGCMWIU6JB5QSYC4D3VVO5KSY6XGXIS6H3LE","528a6d222cacc7e453545e63e3c01edf7e79bac163c25c5888b422f26d10350b","u32","__constructor,mint,mint_credential,get_credential,get_owner_token,balance,owner_of,transfer,transfer_from,approve,approve_for_all,get_approved,is_approved_for_all,token_uri,name,symbol,burn,burn_from",""
"CBQ5FHBALQNHTMPM7SEBCU24YKW36LW5GSC47OG7G7DUCHMU4DYGO2FA","52c650a38b4b1688a20eccae73f6dabe1457a6fb024dc8e729455d53c320711e","u32","init,positions,mint,increase_liquidity,decrease_liquidity,collect,get_token_descriptor,get_factory,get_xlm_address,owner_of,name,symbol,balance,transfer,approve,get_approved,approve_for_all,is_approved_for_all,transfer_from,exists,token_uri,burn,get_user_token_ids,get_position_with_fees,get_positions_with_fees,get_user_positions_with_fees,position_principal,position_fees,position_total","IncreaseLiquidityEvent,DecreaseLiquidityEvent,CollectEvent,UserAllowed,UserDisallowed,UserBlocked,UserUnblocked,Burn,Deposit,Withdraw,Transfer,Approve,Mint,Burn,ConsecutiveMint,SetDefaultRoyalty,SetTokenRoyalty,RemoveTokenRoyalty,Transfer,Approve,ApproveForAll,Mint,KeyAllowed,KeyRemoved,ClaimRevoked,SignaturesInvalidated,ClaimTopicAdded,ClaimTopicRemoved,TrustedIssuerAdded,TrustedIssuerRemoved,IssuerTopicsUpdated,ModuleAdded,ModuleRemoved,DocumentUpdated,DocumentRemoved,ClaimAdded,ClaimRemoved,ClaimChanged,IdentityStored,IdentityUnstored,IdentityModified,IdentityRecovered,CountryDataAdded,CountryDataRemoved,CountryDataModified,TokenBound,TokenUnbound,TokenOnchainIdUpdated,RecoverySuccess,AddressFrozen,TokensFrozen,TokensUnfrozen,Mint,Burn,ComplianceSet,ClaimTopicsAndIssuersSet,IdentityVerifierSet,SetRoot,SetClaimed,Paused,Unpaused"
"CCYBGAFJ2J3HGOT367ZIMQVOGLU3IBLQ6I5M66QZGP5SBXZ6FVI4KRVB","52c650a38b4b1688a20eccae73f6dabe1457a6fb024dc8e729455d53c320711e","u32","init,positions,mint,increase_liquidity,decrease_liquidity,collect,get_token_descriptor,get_factory,get_xlm_address,owner_of,name,symbol,balance,transfer,approve,get_approved,approve_for_all,is_approved_for_all,transfer_from,exists,token_uri,burn,get_user_token_ids,get_position_with_fees,get_positions_with_fees,get_user_positions_with_fees,position_principal,position_fees,position_total","IncreaseLiquidityEvent,DecreaseLiquidityEvent,CollectEvent,UserAllowed,UserDisallowed,UserBlocked,UserUnblocked,Burn,Deposit,Withdraw,Transfer,Approve,Mint,Burn,ConsecutiveMint,SetDefaultRoyalty,SetTokenRoyalty,RemoveTokenRoyalty,Transfer,Approve,ApproveForAll,Mint,KeyAllowed,KeyRemoved,ClaimRevoked,SignaturesInvalidated,ClaimTopicAdded,ClaimTopicRemoved,TrustedIssuerAdded,TrustedIssuerRemoved,IssuerTopicsUpdated,ModuleAdded,ModuleRemoved,DocumentUpdated,DocumentRemoved,ClaimAdded,ClaimRemoved,ClaimChanged,IdentityStored,IdentityUnstored,IdentityModified,IdentityRecovered,CountryDataAdded,CountryDataRemoved,CountryDataModified,TokenBound,TokenUnbound,TokenOnchainIdUpdated,RecoverySuccess,AddressFrozen,TokensFrozen,TokensUnfrozen,Mint,Burn,ComplianceSet,ClaimTopicsAndIssuersSet,IdentityVerifierSet,SetRoot,SetClaimed,Paused,Unpaused"
"CCIP47L5YFBTIQVYJVXZ2KXP3Z33CYJDOQIQAGIHEDFFHXVVH3A4NWNH","5c2ebcb5a94ccd94a599bef03fde30e496c3b3ef24b2633f643bce8c8157562f","u32","burn,mint,name,ping,symbol,approve,balance,upgrade,owner_of,transfer,burn_from,get_image,get_owner,set_image,token_uri,max_supply,get_approved,royalty_info,total_minted,__constructor,transfer_from,approve_for_all,accept_ownership,renounce_ownership,transfer_ownership,is_approved_for_all,set_royalty_recipient","RoleGranted,RoleRevoked,AdminRenounced,RoleAdminChanged,AdminTransferCompleted,AdminTransferInitiated,OwnershipTransfer,OwnershipRenounced,OwnershipTransferCompleted,SetRoot,SetClaimed,Paused,Unpaused,ConsecutiveMint,Burn,SetTokenRoyalty,SetDefaultRoyalty,RemoveTokenRoyalty,Mint,Approve,Transfer,ApproveForAll,ModuleAdded,ModuleRemoved,DocumentRemoved,DocumentUpdated,KeyAllowed,KeyRemoved,ClaimRevoked,SignaturesInvalidated,ClaimAdded,ClaimChanged,ClaimRemoved,Burn,Mint,ClaimTopicAdded,ClaimTopicRemoved,TrustedIssuerAdded,IssuerTopicsUpdated,TrustedIssuerRemoved,IdentityStored,CountryDataAdded,IdentityModified,IdentityUnstored,IdentityRecovered,CountryDataRemoved,CountryDataModified,TokensFrozen,AddressFrozen,ComplianceSet,TokensUnfrozen,RecoverySuccess,IdentityVerifierSet,TokenOnchainIdUpdated,ClaimTopicsAndIssuersSet,TokenBound,TokenUnbound,Deposit,Withdraw,Burn,UserAllowed,UserDisallowed,UserBlocked,UserUnblocked,Mint,Approve,Transfer"
"CDNMNOMCY4WT3IL4ERB7OEBXAR64WMMJOREO2UAJZZW7OOTVFTVUJNPM","63d0345d3f5ed8666bdd5d73b8d9541d1e92e4db9837bd589095063e3730b571","u32","burn,mint,name,ping,claim,pause,paused,symbol,approve,balance,unpause,upgrade,version,base_uri,decimals,owner_of,transfer,burn_from,get_owner,token_uri,mint_batch,batch_claim,public_mint,get_approved,get_claimant,is_claimable,royalty_info,set_base_uri,total_minted,__constructor,set_claimable,set_token_uri,transfer_from,batch_transfer,approve_for_all,set_public_mint,accept_ownership,public_mint_active,renounce_ownership,transfer_ownership,is_approved_for_all,batch_make_claimable,set_royalty_recipient","RoleGranted,RoleRevoked,AdminRenounced,RoleAdminChanged,AdminTransferCompleted,AdminTransferInitiated,OwnershipTransfer,OwnershipRenounced,OwnershipTransferCompleted,SetRoot,SetClaimed,Paused,Unpaused,ConsecutiveMint,Burn,SetTokenRoyalty,SetDefaultRoyalty,RemoveTokenRoyalty,Mint,Approve,Transfer,ApproveForAll,ModuleAdded,ModuleRemoved,DocumentRemoved,DocumentUpdated,KeyAllowed,KeyRemoved,ClaimRevoked,SignaturesInvalidated,ClaimAdded,ClaimChanged,ClaimRemoved,Burn,Mint,ClaimTopicAdded,ClaimTopicRemoved,TrustedIssuerAdded,IssuerTopicsUpdated,TrustedIssuerRemoved,IdentityStored,CountryDataAdded,IdentityModified,IdentityUnstored,IdentityRecovered,CountryDataRemoved,CountryDataModified,TokensFrozen,AddressFrozen,ComplianceSet,TokensUnfrozen,RecoverySuccess,IdentityVerifierSet,TokenOnchainIdUpdated,ClaimTopicsAndIssuersSet,TokenBound,TokenUnbound,Deposit,Withdraw,Burn,UserAllowed,UserDisallowed,UserBlocked,UserUnblocked,Mint,Approve,Transfer"
"CBPS3S4QGNY7J3SFN6NX4PYUGVGLQWWIFSRHO43BHJNUHJ3JSY7DNU55","66ee47c4c9d92d4e92eebc1971fb635d769dd8812744e2b651ef48c3f8bcaecd","string","initialize,mint,batch_mint,transfer,owner_of,get_metadata,get_admin,transfer_admin,upgrade",""
"CCONDORYDCDIXTL4HQHGQBCKK5EM4L7QXKMQHN53LZFOEDFWWZZIGWU6","82740c72af37084a9d080035bb12e417ba349e570ec10e2b70d37d6cfe52117b","string","mint,owner_of,initialize,lock_registry",""
"CADCRH6BW3MIZBBE7JOVKROR2GBEG64TJDT5Y3EX3OOIWRDZOOT5XUHD","8e2d69057bcd0087794cbd5ba37e3cc9c97226c6bf1198f9c29d6ade8f008f35","u32","burn,mint,name,symbol,approve,balance,upgrade,owner_of,transfer,get_approved,total_supply,__constructor,transfer_from,approve_for_all,is_approved_for_all","Burn,Mint,Approve,Transfer,ApproveForAll"
"CCIP47L5YFBTIQVYJVXZ2KXP3Z33CYJDOQIQAGIHEDFFHXVVH3A4NWNH","9058c3f1c742cd26735f8682a0aa8294b6d3b60f539cf1a471de32499142423c","u32","burn,mint,name,ping,symbol,approve,balance,upgrade,owner_of,transfer,burn_from,get_image,get_owner,set_image,token_uri,max_supply,get_approved,royalty_info,total_minted,__constructor,set_token_uri,transfer_from,approve_for_all,accept_ownership,renounce_ownership,transfer_ownership,batch_set_token_uri,is_approved_for_all,set_royalty_recipient","RoleGranted,RoleRevoked,AdminRenounced,RoleAdminChanged,AdminTransferCompleted,AdminTransferInitiated,OwnershipTransfer,OwnershipRenounced,OwnershipTransferCompleted,SetRoot,SetClaimed,Paused,Unpaused,ConsecutiveMint,Burn,SetTokenRoyalty,SetDefaultRoyalty,RemoveTokenRoyalty,Mint,Approve,Transfer,ApproveForAll,ModuleAdded,ModuleRemoved,DocumentRemoved,DocumentUpdated,KeyAllowed,KeyRemoved,ClaimRevoked,SignaturesInvalidated,ClaimAdded,ClaimChanged,ClaimRemoved,Burn,Mint,ClaimTopicAdded,ClaimTopicRemoved,TrustedIssuerAdded,IssuerTopicsUpdated,TrustedIssuerRemoved,IdentityStored,CountryDataAdded,IdentityModified,IdentityUnstored,IdentityRecovered,CountryDataRemoved,CountryDataModified,TokensFrozen,AddressFrozen,ComplianceSet,TokensUnfrozen,RecoverySuccess,IdentityVerifierSet,TokenOnchainIdUpdated,ClaimTopicsAndIssuersSet,TokenBound,TokenUnbound,Deposit,Withdraw,Burn,UserAllowed,UserDisallowed,UserBlocked,UserUnblocked,Mint,Approve,Transfer"
"CDUTVOM7YNKTZRIXPGHJM5ZDVQ5BIFXTNRDSGLL5RIUWLPE6C6RGBUWR","94e680699c16a4bf9f09d9077b7269c282e4162d5f331bb4173bd2095e18ab94","u32","burn,mint,name,symbol,approve,balance,owner_of,transfer,burn_from,token_uri,get_approved,total_supply,transfer_from,__constructor,get_max_supply,get_token_data,mint_with_data,approve_for_all,get_owner_tokens,set_metadata_uri,get_token_metadata,bulk_mint_with_data,is_approved_for_all",""
"CAMOZBTH6VE2VYIAZXYKRMSVTZHFVGK5A323PRMCZS2IALIU6NPHN67X","9971ce9aa0bdc232ecc4ac3ce5c34855f5e2c0b9a4973efd0f7c6b218c966f5b","u32","__constructor,mint_with_voucher,is_nonce_used,get_signer,balance,owner_of,transfer,transfer_from,approve,approve_for_all,get_approved,is_approved_for_all,token_uri,name,symbol,burn,burn_from","SetRoot,SetClaimed,Paused,Unpaused,UserAllowed,UserDisallowed,UserBlocked,UserUnblocked,Burn,Deposit,Withdraw,Transfer,Approve,Mint,Burn,ConsecutiveMint,SetDefaultRoyalty,SetTokenRoyalty,RemoveTokenRoyalty,Transfer,Approve,ApproveForAll,Mint,KeyAllowed,KeyRemoved,ClaimRevoked,ClaimTopicAdded,ClaimTopicRemoved,TrustedIssuerAdded,TrustedIssuerRemoved,IssuerTopicsUpdated,ModuleAdded,ModuleRemoved,DocumentUpdated,DocumentRemoved,ClaimAdded,ClaimRemoved,ClaimChanged,IdentityStored,IdentityUnstored,IdentityModified,CountryDataAdded,CountryDataRemoved,CountryDataModified,TokenBound,TokenUnbound,TokenOnchainIdUpdated,RecoverySuccess,AddressFrozen,TokensFrozen,TokensUnfrozen,Mint,Burn,ComplianceSet,ClaimTopicsAndIssuersSet,IdentityRegistryStorageSet"
"CCIP47L5YFBTIQVYJVXZ2KXP3Z33CYJDOQIQAGIHEDFFHXVVH3A4NWNH","99f98ecb0d199523a937c327daee39ed5029303656d6994868880ef62ef59919","u32","burn,mint,name,ping,claim,symbol,approve,balance,upgrade,owner_of,transfer,burn_from,get_image,get_owner,set_image,set_owner,token_uri,max_supply,get_approved,get_claimant,is_claimable,royalty_info,set_claimant,total_minted,__constructor,set_claimable,set_token_uri,transfer_from,approve_for_all,accept_ownership,batch_set_claimant,renounce_ownership,transfer_ownership,is_approved_for_all,set_royalty_recipient","RoleGranted,RoleRevoked,AdminRenounced,RoleAdminChanged,AdminTransferCompleted,AdminTransferInitiated,OwnershipTransfer,OwnershipRenounced,OwnershipTransferCompleted,SetRoot,SetClaimed,Paused,Unpaused,ConsecutiveMint,Burn,SetTokenRoyalty,SetDefaultRoyalty,RemoveTokenRoyalty,Mint,Approve,Transfer,ApproveForAll,ModuleAdded,ModuleRemoved,DocumentRemoved,DocumentUpdated,KeyAllowed,KeyRemoved,ClaimRevoked,SignaturesInvalidated,ClaimAdded,ClaimChanged,ClaimRemoved,Burn,Mint,ClaimTopicAdded,ClaimTopicRemoved,TrustedIssuerAdded,IssuerTopicsUpdated,TrustedIssuerRemoved,IdentityStored,CountryDataAdded,IdentityModified,IdentityUnstored,IdentityRecovered,CountryDataRemoved,CountryDataModified,TokensFrozen,AddressFrozen,ComplianceSet,TokensUnfrozen,RecoverySuccess,IdentityVerifierSet,TokenOnchainIdUpdated,ClaimTopicsAndIssuersSet,TokenBound,TokenUnbound,Deposit,Withdraw,Burn,UserAllowed,UserDisallowed,UserBlocked,UserUnblocked,Mint,Approve,Transfer"
"CCRCHYPBWAQLYM3HH4R374IE4523L7XY525555TWWEZFY5UD4CFEXOSB","9aabb3fc3e8a3ff57d391cc6a24d3e2d53f46f14a4a15f50c6b4e71f544651b6","u32","__constructor,update_uri,get_total_minted,get_max_supply,mint,balance,owner_of,transfer,transfer_from,approve,approve_for_all,get_approved,is_approved_for_all,token_uri,name,symbol",""
"CDM3TEYLAPCLCKCYIX3OXV267LNYWSMQMTNPV6OTWMZKSPHLZP5ZPEED","9aabb3fc3e8a3ff57d391cc6a24d3e2d53f46f14a4a15f50c6b4e71f544651b6","u32","__constructor,update_uri,get_total_minted,get_max_supply,mint,balance,owner_of,transfer,transfer_from,approve,approve_for_all,get_approved,is_approved_for_all,token_uri,name,symbol",""
"CDXZLJKWLPBNVYUUOLJ7UYDJINU7ETPLFX6ZSBSKJMVL5OQWKPNZ5TBD","9aabb3fc3e8a3ff57d391cc6a24d3e2d53f46f14a4a15f50c6b4e71f544651b6","u32","__constructor,update_uri,get_total_minted,get_max_supply,mint,balance,owner_of,transfer,transfer_from,approve,approve_for_all,get_approved,is_approved_for_all,token_uri,name,symbol",""
"CBJWEJYJP4YJ6MDHAGWR7NZ7VCWDE3BCNQUVGH5MZKBJML46HN63LUW7","9c8830bdb1fe887a09cac82abcb0c9de70b55b8311c210b99f8962b56d3c6d78","u32","__constructor,set_metadata_uri,get_max_supply,only_owner,set_token_data,get_token_data,mint_with_data,mint,get_token_metadata,get_owner_tokens,bulk_transfer,balance,owner_of,transfer,transfer_from,approve,approve_for_all,get_approved,is_approved_for_all,token_uri,name,symbol,total_supply,get_owner_token_id,get_token_id,burn,burn_from",""
"CCF4W5AG7EX5IRX5ZX3LC4ZMU7W3SG7QEFZNZWLKONGPCVAF3TTIXBW2","9c8830bdb1fe887a09cac82abcb0c9de70b55b8311c210b99f8962b56d3c6d78","u32","__constructor,set_metadata_uri,get_max_supply,only_owner,set_token_data,get_token_data,mint_with_data,mint,get_token_metadata,get_owner_tokens,bulk_transfer,balance,owner_of,transfer,transfer_from,approve,approve_for_all,get_approved,is_approved_for_all,token_uri,name,symbol,total_supply,get_owner_token_id,get_token_id,burn,burn_from",""
"CCXTZJL2AYHEZU7BHLSOROP7YZN4L2DA52IPLEVUY3MIRT7TMXI636ZJ","9c8830bdb1fe887a09cac82abcb0c9de70b55b8311c210b99f8962b56d3c6d78","u32","__constructor,set_metadata_uri,get_max_supply,only_owner,set_token_data,get_token_data,mint_with_data,mint,get_token_metadata,get_owner_tokens,bulk_transfer,balance,owner_of,transfer,transfer_from,approve,approve_for_all,get_approved,is_approved_for_all,token_uri,name,symbol,total_supply,get_owner_token_id,get_token_id,burn,burn_from",""
"CDSN4MICK7U5XOP4DE6OIZQCRMYO3UTQ5VYZV7ZA7H63OICZPBLXYRGJ","9c8830bdb1fe887a09cac82abcb0c9de70b55b8311c210b99f8962b56d3c6d78","u32","__constructor,set_metadata_uri,get_max_supply,only_owner,set_token_data,get_token_data,mint_with_data,mint,get_token_metadata,get_owner_tokens,bulk_transfer,balance,owner_of,transfer,transfer_from,approve,approve_for_all,get_approved,is_approved_for_all,token_uri,name,symbol,total_supply,get_owner_token_id,get_token_id,burn,burn_from",""
"CCMHXAHA2IBB3KBIUDBHGSXGMZS3MRUTJQGDG6IG7OXF2RZZT322FYLB","a1b8523b41b1f559945724415096be6291dfff0fc801049c167381d755b0936c","u32","balance_of,owner_of,transfer_from,approve,set_approval_for_all,get_approved,is_approval_for_all,name,symbol,token_uri,total_supply,token_by_index,token_of_owner_by_index,initialize,admin,set_admin,mint",""
"CDJTBBANOTBYWXV7WYBF6IBQ2LMKUP5ZXC4ZZCGTDPRM77CU7N5MWBL7","a1b8523b41b1f559945724415096be6291dfff0fc801049c167381d755b0936c","u32","balance_of,owner_of,transfer_from,approve,set_approval_for_all,get_approved,is_approval_for_all,name,symbol,token_uri,total_supply,token_by_index,token_of_owner_by_index,initialize,admin,set_admin,mint",""
"CC4CHF6BGPDII4LKBOVETUHDPCMRGMBXB4N4E3KNQRLSMDQRCEG5HAN7","a6a73622254055b82945da25499ee4f7dac14ed7fb3d428f70a9f2e3b9640f70","u32","burn,mint,name,pause,price,paused,symbol,approve,balance,unpause,upgrade,owner_of,transfer,burn_from,get_image,get_owner,set_image,token_uri,max_supply,get_approved,royalty_info,total_minted,__constructor,transfer_from,approve_for_all,accept_ownership,get_token_metadata,renounce_ownership,transfer_ownership,is_approved_for_all,set_royalty_recipient","RoleGranted,RoleRevoked,AdminRenounced,RoleAdminChanged,AdminTransferCompleted,AdminTransferInitiated,OwnershipTransfer,OwnershipRenounced,OwnershipTransferCompleted,SetRoot,SetClaimed,Paused,Unpaused,ConsecutiveMint,Burn,SetTokenRoyalty,SetDefaultRoyalty,RemoveTokenRoyalty,Mint,Approve,Transfer,ApproveForAll,ModuleAdded,ModuleRemoved,DocumentRemoved,DocumentUpdated,KeyAllowed,KeyRemoved,ClaimRevoked,SignaturesInvalidated,ClaimAdded,ClaimChanged,ClaimRemoved,Burn,Mint,ClaimTopicAdded,ClaimTopicRemoved,TrustedIssuerAdded,IssuerTopicsUpdated,TrustedIssuerRemoved,IdentityStored,CountryDataAdded,IdentityModified,IdentityUnstored,IdentityRecovered,CountryDataRemoved,CountryDataModified,TokensFrozen,AddressFrozen,ComplianceSet,TokensUnfrozen,RecoverySuccess,IdentityVerifierSet,TokenOnchainIdUpdated,ClaimTopicsAndIssuersSet,TokenBound,TokenUnbound,Deposit,Withdraw,Burn,UserAllowed,UserDisallowed,UserBlocked,UserUnblocked,Mint,Approve,Transfer"
"CCIP47L5YFBTIQVYJVXZ2KXP3Z33CYJDOQIQAGIHEDFFHXVVH3A4NWNH","a6a73622254055b82945da25499ee4f7dac14ed7fb3d428f70a9f2e3b9640f70","u32","burn,mint,name,pause,price,paused,symbol,approve,balance,unpause,upgrade,owner_of,transfer,burn_from,get_image,get_owner,set_image,token_uri,max_supply,get_approved,royalty_info,total_minted,__constructor,transfer_from,approve_for_all,accept_ownership,get_token_metadata,renounce_ownership,transfer_ownership,is_approved_for_all,set_royalty_recipient","RoleGranted,RoleRevoked,AdminRenounced,RoleAdminChanged,AdminTransferCompleted,AdminTransferInitiated,OwnershipTransfer,OwnershipRenounced,OwnershipTransferCompleted,SetRoot,SetClaimed,Paused,Unpaused,ConsecutiveMint,Burn,SetTokenRoyalty,SetDefaultRoyalty,RemoveTokenRoyalty,Mint,Approve,Transfer,ApproveForAll,ModuleAdded,ModuleRemoved,DocumentRemoved,DocumentUpdated,KeyAllowed,KeyRemoved,ClaimRevoked,SignaturesInvalidated,ClaimAdded,ClaimChanged,ClaimRemoved,Burn,Mint,ClaimTopicAdded,ClaimTopicRemoved,TrustedIssuerAdded,IssuerTopicsUpdated,TrustedIssuerRemoved,IdentityStored,CountryDataAdded,IdentityModified,IdentityUnstored,IdentityRecovered,CountryDataRemoved,CountryDataModified,TokensFrozen,AddressFrozen,ComplianceSet,TokensUnfrozen,RecoverySuccess,IdentityVerifierSet,TokenOnchainIdUpdated,ClaimTopicsAndIssuersSet,TokenBound,TokenUnbound,Deposit,Withdraw,Burn,UserAllowed,UserDisallowed,UserBlocked,UserUnblocked,Mint,Approve,Transfer"
"CC7RTEHQLWLWKU4ZIT2EWR4PO4OX5OYVOPM4LIRW7YB2EJ654CMTZVG6","aa069f7c28c992fe4378d62d8020a1228a2eb0049ae91409b56e81bcb6271e94","string","initialize,mint,add_minter,remove_minter,burn,transfer_from,owner_of,set_base_uri,get_base_uri,get_token_uri",""
"CBXSLQEMEUA2MAL4RE45ODZK4KJRL4W3HQJU3PDHQ5E7TYIOM4O2QSVB","acabe392b764c5a8703d814c42b25545dbfb26b2122b86847b239448471ebc2a","u32","burn,mint,name,symbol,approve,balance,owner_of,transfer,burn_from,get_owner,token_uri,get_approved,get_token_id,total_supply,transfer_from,__constructor,approve_for_all,accept_ownership,get_owner_token_id,renounce_ownership,transfer_ownership,is_approved_for_all",""
"CB6PDBBYWWS3UOB2EPWBRDDYH2SO2SNHIZ255OH36RAKEZMBWTQDHFKD","af47b815157bb0c8f6709109a76e09aef50f00af953d55ea8ed91df81f670a85","u32","__constructor,set_metadata_uri,get_max_supply,only_owner,set_token_data,get_token_data,mint_with_data,mint,get_token_metadata,get_owner_tokens,bulk_transfer,balance,owner_of,transfer,transfer_from,approve,approve_for_all,get_approved,is_approved_for_all,token_uri,name,symbol,total_supply,get_owner_token_id,get_token_id,burn,burn_from",""
"CCMC6Y5ZC2NCHNIZUXMQU37KE6ACQ3W2A4O5VROYBUFNKU7D447QZQ6R","af47b815157bb0c8f6709109a76e09aef50f00af953d55ea8ed91df81f670a85","u32","__constructor,set_metadata_uri,get_max_supply,only_owner,set_token_data,get_token_data,mint_with_data,mint,get_token_metadata,get_owner_tokens,bulk_transfer,balance,owner_of,transfer,transfer_from,approve,approve_for_all,get_approved,is_approved_for_all,token_uri,name,symbol,total_supply,get_owner_token_id,get_token_id,burn,burn_from",""
"CACF2FV3QD47RIFPPRSMCBUZMMQ6HQGJO5XEFNCEKRXTAGBDDGCRTIP5","b0c4ee88a2d47f346ae35fb64aef1d167e2148cf7fca7493ba88b058d49068a3","u32","balance_of,owner_of,transfer_from,approve,set_approval_for_all,get_approved,is_approval_for_all,name,symbol,token_uri,total_supply,token_by_index,token_of_owner_by_index,initialize,admin,set_admin,mint",""
"CCIP47L5YFBTIQVYJVXZ2KXP3Z33CYJDOQIQAGIHEDFFHXVVH3A4NWNH","bad961feb4eb6592414be95715bb2cd5e68d4e17e83c99efab78c77e5723cec7","u32","burn,mint,name,ping,claim,symbol,approve,balance,upgrade,owner_of,transfer,burn_from,get_image,get_owner,set_image,set_owner,token_uri,max_supply,get_approved,is_claimable,royalty_info,total_minted,__constructor,set_token_uri,transfer_from,approve_for_all,accept_ownership,renounce_ownership,transfer_ownership,batch_set_token_uri,is_approved_for_all,set_royalty_recipient","RoleGranted,RoleRevoked,AdminRenounced,RoleAdminChanged,AdminTransferCompleted,AdminTransferInitiated,OwnershipTransfer,OwnershipRenounced,OwnershipTransferCompleted,SetRoot,SetClaimed,Paused,Unpaused,ConsecutiveMint,Burn,SetTokenRoyalty,SetDefaultRoyalty,RemoveTokenRoyalty,Mint,Approve,Transfer,ApproveForAll,ModuleAdded,ModuleRemoved,DocumentRemoved,DocumentUpdated,KeyAllowed,KeyRemoved,ClaimRevoked,SignaturesInvalidated,ClaimAdded,ClaimChanged,ClaimRemoved,Burn,Mint,ClaimTopicAdded,ClaimTopicRemoved,TrustedIssuerAdded,IssuerTopicsUpdated,TrustedIssuerRemoved,IdentityStored,CountryDataAdded,IdentityModified,IdentityUnstored,IdentityRecovered,CountryDataRemoved,CountryDataModified,TokensFrozen,AddressFrozen,ComplianceSet,TokensUnfrozen,RecoverySuccess,IdentityVerifierSet,TokenOnchainIdUpdated,ClaimTopicsAndIssuersSet,TokenBound,TokenUnbound,Deposit,Withdraw,Burn,UserAllowed,UserDisallowed,UserBlocked,UserUnblocked,Mint,Approve,Transfer"
"CB3MNEZRQXDZWB2CJESLRI5WODWSTJOZ5T6YFBQQEEGPA6JXDBA6Z2XL","bd42279f0dd674a521e6e94574613d7e5d5769c8a9fe950acb9b47ec0eaee99a","u32","__constructor,batch_mint,balance,owner_of,transfer,transfer_from,approve,approve_for_all,get_approved,is_approved_for_all,name,symbol,token_uri,burn,burn_from","SetRoot,SetClaimed,Paused,Unpaused,UserAllowed,UserDisallowed,UserBlocked,UserUnblocked,Burn,Transfer,Approve,Mint,Burn,ConsecutiveMint,SetDefaultRoyalty,SetTokenRoyalty,RemoveTokenRoyalty,Transfer,Approve,ApproveForAll,Mint,KeyAllowed,KeyRemoved,ClaimRevoked,ClaimTopicAdded,ClaimTopicRemoved,TrustedIssuerAdded,TrustedIssuerRemoved,IssuerTopicsUpdated,ModuleAdded,ModuleRemoved,DocumentUpdated,DocumentRemoved,ClaimAdded,ClaimRemoved,ClaimChanged,IdentityStored,IdentityUnstored,IdentityModified,CountryDataAdded,CountryDataRemoved,CountryDataModified,TokenBound,TokenUnbound,TokenOnchainIdUpdated,RecoverySuccess,AddressFrozen,TokensFrozen,TokensUnfrozen,Mint,Burn,ComplianceSet,ClaimTopicsAndIssuersSet,IdentityRegistryStorageSet"
"CCIP47L5YFBTIQVYJVXZ2KXP3Z33CYJDOQIQAGIHEDFFHXVVH3A4NWNH","bdd2ccfce63e732947b9a3ef2b1d736118eefda9e085738e1d7f695c77c56cd2","u32","burn,mint,name,ping,symbol,approve,balance,upgrade,owner_of,transfer,burn_from,get_image,get_owner,set_image,token_uri,max_supply,get_approved,royalty_info,total_minted,__constructor,set_token_uri,transfer_from,approve_for_all,accept_ownership,renounce_ownership,transfer_ownership,batch_set_token_uri,is_approved_for_all,set_royalty_recipient","RoleGranted,RoleRevoked,AdminRenounced,RoleAdminChanged,AdminTransferCompleted,AdminTransferInitiated,OwnershipTransfer,OwnershipRenounced,OwnershipTransferCompleted,SetRoot,SetClaimed,Paused,Unpaused,ConsecutiveMint,Burn,SetTokenRoyalty,SetDefaultRoyalty,RemoveTokenRoyalty,Mint,Approve,Transfer,ApproveForAll,ModuleAdded,ModuleRemoved,DocumentRemoved,DocumentUpdated,KeyAllowed,KeyRemoved,ClaimRevoked,SignaturesInvalidated,ClaimAdded,ClaimChanged,ClaimRemoved,Burn,Mint,ClaimTopicAdded,ClaimTopicRemoved,TrustedIssuerAdded,IssuerTopicsUpdated,TrustedIssuerRemoved,IdentityStored,CountryDataAdded,IdentityModified,IdentityUnstored,IdentityRecovered,CountryDataRemoved,CountryDataModified,TokensFrozen,AddressFrozen,ComplianceSet,TokensUnfrozen,RecoverySuccess,IdentityVerifierSet,TokenOnchainIdUpdated,ClaimTopicsAndIssuersSet,TokenBound,TokenUnbound,Deposit,Withdraw,Burn,UserAllowed,UserDisallowed,UserBlocked,UserUnblocked,Mint,Approve,Transfer"
"CAQX5GVXTHSWTBY2UQVMOCHOV5GPAMNQHN5AZWHXWHCYAJT5L4ORX42P","bfd300ecaf15d79febcaab57d612a0dfb6dcd1c7dddbe598beb11093088e6969","u32","__constructor,mint,mint_credential,get_credential,get_owner_token,balance,owner_of,transfer,transfer_from,approve,approve_for_all,get_approved,is_approved_for_all,token_uri,name,symbol,burn,burn_from",""
"CCR4P6MX2UET7YAWW4V7CQCLYAOL4K6FKE4DJAZEFSIYQGAJH7FKTXJX","bfd300ecaf15d79febcaab57d612a0dfb6dcd1c7dddbe598beb11093088e6969","u32","__constructor,mint,mint_credential,get_credential,get_owner_token,balance,owner_of,transfer,transfer_from,approve,approve_for_all,get_approved,is_approved_for_all,token_uri,name,symbol,burn,burn_from",""
"CCVFUTQCP2R2OJOURWUHQDZ7X77PP75SBKWKPGVBG66KMKA75G5LEVYF","bfd300ecaf15d79febcaab57d612a0dfb6dcd1c7dddbe598beb11093088e6969","u32","__constructor,mint,mint_credential,get_credential,get_owner_token,balance,owner_of,transfer,transfer_from,approve,approve_for_all,get_approved,is_approved_for_all,token_uri,name,symbol,burn,burn_from",""
"CDA5FGE4LZP4S45LP6AJLWMLKWHVWMKFSIKVYEBSIYOB25NWLKCLL7RY","c5e2d06e1d18dbe3ec812daf809364b17536ef3a720e730214c94da76c58724a","i128","owner_of,name,symbol,token_uri,token_image,is_approved,transfer,mint,approve,transfer_from",""
"CCIP47L5YFBTIQVYJVXZ2KXP3Z33CYJDOQIQAGIHEDFFHXVVH3A4NWNH","caa7ed299890f70284707caeccc6b2bb66b032b84689dee1bb27d530b9b66449","u32","burn,mint,name,ping,claim,symbol,approve,balance,upgrade,owner_of,transfer,burn_from,get_image,get_owner,set_image,set_owner,token_uri,max_supply,get_approved,get_claimant,is_claimable,royalty_info,set_claimant,total_minted,__constructor,set_claimable,set_token_uri,transfer_from,approve_for_all,accept_ownership,batch_set_claimant,renounce_ownership,transfer_ownership,is_approved_for_all,set_royalty_recipient","RoleGranted,RoleRevoked,AdminRenounced,RoleAdminChanged,AdminTransferCompleted,AdminTransferInitiated,OwnershipTransfer,OwnershipRenounced,OwnershipTransferCompleted,SetRoot,SetClaimed,Paused,Unpaused,ConsecutiveMint,Burn,SetTokenRoyalty,SetDefaultRoyalty,RemoveTokenRoyalty,Mint,Approve,Transfer,ApproveForAll,ModuleAdded,ModuleRemoved,DocumentRemoved,DocumentUpdated,KeyAllowed,KeyRemoved,ClaimRevoked,SignaturesInvalidated,ClaimAdded,ClaimChanged,ClaimRemoved,Burn,Mint,ClaimTopicAdded,ClaimTopicRemoved,TrustedIssuerAdded,IssuerTopicsUpdated,TrustedIssuerRemoved,IdentityStored,CountryDataAdded,IdentityModified,IdentityUnstored,IdentityRecovered,CountryDataRemoved,CountryDataModified,TokensFrozen,AddressFrozen,ComplianceSet,TokensUnfrozen,RecoverySuccess,IdentityVerifierSet,TokenOnchainIdUpdated,ClaimTopicsAndIssuersSet,TokenBound,TokenUnbound,Deposit,Withdraw,Burn,UserAllowed,UserDisallowed,UserBlocked,UserUnblocked,Mint,Approve,Transfer"
"CD4SUUFPK3QQVXDA7A6OD3FX72HPOTC5T74JQIFYQOG6W4GLTHE75BX3","cb0a6f87fc7bbef6d6d8d1c1631c1a29d951a41002425d3e7fbad251e9b8a7db","u32","__constructor,mint,mint_credential,get_credential,get_owner_token,balance_of,balance,owner_of,transfer,transfer_from,approve,approve_for_all,get_approved,is_approved_for_all,token_uri,name,symbol,burn,burn_from",""
"CB445I2BSA3R3NLOIMF3UZNVUNXB3SGC5YGRSTKH6O2UHJQHKEUGI5TC","cc0e40810209030946a09172fbcd77a8af9ab849c2f7d240ddf6551e459e80a1","string","initialize,mint,add_minter,remove_minter,burn,transfer_from,owner_of,set_base_uri,get_base_uri,get_token_uri",""
"CC23DRQPZAUP5MRMPDFGU5R4ISZRSCWCP4TIED2ZTVJLQCPCNDLSALAD","cc229a460742b1af9740f6fb40a563b6aef5888ec7f41ff8de255fb757d686b2","u32","__constructor,upgrade,set_price,mint_salad,set_base_uri,base_uri,decimals,burn,burn_from,balance,owner_of,approve,get_approved,approve_all,is_approved_all,transfer,transfer_from,name,symbol,token_uri",""
"CDN3HRO5SEPWXY4FYJDHSS6SCEPBT6HWI2UTNWASZY766BAFYZLAYFDM","cd86e1329db43816a62ecb5539ab046d8ba5f505ef61694479c42177e7ecd46c","u32","init,positions,mint,mint_with_hints,increase_liquidity,decrease_liquidity,collect,get_token_descriptor,get_factory,get_xlm_address,owner_of,name,symbol,balance,transfer,approve,get_approved,approve_for_all,is_approved_for_all,transfer_from,exists,token_uri,burn,get_user_token_ids,get_position_with_fees,get_positions_with_fees,get_user_positions_with_fees,position_principal,position_fees,position_total","IncreaseLiquidityEvent,DecreaseLiquidityEvent,CollectEvent,UserAllowed,UserDisallowed,UserBlocked,UserUnblocked,Burn,Deposit,Withdraw,Transfer,Approve,Mint,Burn,ConsecutiveMint,SetDefaultRoyalty,SetTokenRoyalty,RemoveTokenRoyalty,Transfer,Approve,ApproveForAll,Mint,KeyAllowed,KeyRemoved,ClaimRevoked,SignaturesInvalidated,ClaimTopicAdded,ClaimTopicRemoved,TrustedIssuerAdded,TrustedIssuerRemoved,IssuerTopicsUpdated,ModuleAdded,ModuleRemoved,DocumentUpdated,DocumentRemoved,ClaimAdded,ClaimRemoved,ClaimChanged,IdentityStored,IdentityUnstored,IdentityModified,IdentityRecovered,CountryDataAdded,CountryDataRemoved,CountryDataModified,TokenBound,TokenUnbound,TokenOnchainIdUpdated,RecoverySuccess,AddressFrozen,TokensFrozen,TokensUnfrozen,Mint,Burn,ComplianceSet,ClaimTopicsAndIssuersSet,IdentityVerifierSet,SetRoot,SetClaimed,Paused,Unpaused"
"CBBVYBTCCQSFZBTMEQRSN4IEIS5YB5R3ZO6AUMB2GMVNE3767LYFKOM7","dae61b0ae32ed476188842dd20e155a62aabe5348e7d6b67df3a4aaf72904e49","i128","__constructor,mint,owner_of,name,symbol,token_uri,token_image,is_approved,transfer,approve,transfer_from,set_user,is_user_of,user_of,is_token_id_allowed,get_owner,get_mint_price,get_token_count,set_base_uri,set_contract_uri,set_default_mint_price,set_mint_price,set_royalty,set_minter,set_forwarder,set_tokens_allowlist,set_tokens_are_allowed,add_allowed_token_id,remove_allowed_token_id,transfer_admin",""
"CAVK536DH2G3PQG65AJU6TOTRFB6QWTXBV5ADLJ42RTK3JGWHC7H54K3","db136378388fcfca090c0cd636ae90d1f0318dbe0d7d5d438a76aef121746dd8","u32","burn,mint,name,ping,claim,symbol,approve,balance,upgrade,owner_of,transfer,burn_from,get_image,get_owner,set_image,set_owner,token_uri,max_supply,batch_claim,get_approved,get_claimant,is_claimable,royalty_info,set_claimant,total_minted,__constructor,set_claimable,set_token_uri,transfer_from,batch_transfer,approve_for_all,accept_ownership,batch_token_info,batch_set_claimant,renounce_ownership,transfer_ownership,batch_set_token_uri,is_approved_for_all,batch_make_claimable,set_royalty_recipient","RoleGranted,RoleRevoked,AdminRenounced,RoleAdminChanged,AdminTransferCompleted,AdminTransferInitiated,OwnershipTransfer,OwnershipRenounced,OwnershipTransferCompleted,SetRoot,SetClaimed,Paused,Unpaused,ConsecutiveMint,Burn,SetTokenRoyalty,SetDefaultRoyalty,RemoveTokenRoyalty,Mint,Approve,Transfer,ApproveForAll,ModuleAdded,ModuleRemoved,DocumentRemoved,DocumentUpdated,KeyAllowed,KeyRemoved,ClaimRevoked,SignaturesInvalidated,ClaimAdded,ClaimChanged,ClaimRemoved,Burn,Mint,ClaimTopicAdded,ClaimTopicRemoved,TrustedIssuerAdded,IssuerTopicsUpdated,TrustedIssuerRemoved,IdentityStored,CountryDataAdded,IdentityModified,IdentityUnstored,IdentityRecovered,CountryDataRemoved,CountryDataModified,TokensFrozen,AddressFrozen,ComplianceSet,TokensUnfrozen,RecoverySuccess,IdentityVerifierSet,TokenOnchainIdUpdated,ClaimTopicsAndIssuersSet,TokenBound,TokenUnbound,Deposit,Withdraw,Burn,UserAllowed,UserDisallowed,UserBlocked,UserUnblocked,Mint,Approve,Transfer"
"CC5CQHSGZEVKPDLMYTJYGUBDL5UW4NBMTRQ5Y43YDBJTJZKMZMKCEEDU","e02a7bed28dd0aab8c4a926804efaef9a30614c85e9936d3e3a220bd98b4f5f9","u32","init,positions,mint,mint_with_hints,increase_liquidity,decrease_liquidity,collect,get_token_descriptor,get_factory,get_xlm_address,owner_of,name,symbol,balance,transfer,approve,get_approved,approve_for_all,is_approved_for_all,transfer_from,exists,token_uri,burn,get_user_token_ids,get_position_with_fees,get_positions_with_fees,get_user_positions_with_fees,position_principal,position_fees,position_total","IncreaseLiquidityEvent,DecreaseLiquidityEvent,CollectEvent,UserAllowed,UserDisallowed,UserBlocked,UserUnblocked,Burn,Deposit,Withdraw,Transfer,Approve,Mint,Burn,ConsecutiveMint,SetDefaultRoyalty,SetTokenRoyalty,RemoveTokenRoyalty,Transfer,Approve,ApproveForAll,Mint,KeyAllowed,KeyRemoved,ClaimRevoked,SignaturesInvalidated,ClaimTopicAdded,ClaimTopicRemoved,TrustedIssuerAdded,TrustedIssuerRemoved,IssuerTopicsUpdated,ModuleAdded,ModuleRemoved,DocumentUpdated,DocumentRemoved,ClaimAdded,ClaimRemoved,ClaimChanged,IdentityStored,IdentityUnstored,IdentityModified,IdentityRecovered,CountryDataAdded,CountryDataRemoved,CountryDataModified,TokenBound,TokenUnbound,TokenOnchainIdUpdated,RecoverySuccess,AddressFrozen,TokensFrozen,TokensUnfrozen,Mint,Burn,ComplianceSet,ClaimTopicsAndIssuersSet,IdentityVerifierSet,SetRoot,SetClaimed,Paused,Unpaused"
"CC3TXXYTH4LOA42ZD5F22DO2EVSYJXEFVS65MYQJPVTLNWCOLSLEZMSW","e10cd58fbcac623bce5a6fa67eaf5ea4244639aaec234757f5d98317dfa855c7","u32","__constructor,mint,withdraw,transfer,transfer_from,balance,owner_of,approve,approve_for_all,get_approved,is_approved_for_all,name,symbol,token_uri,burn,burn_from,total_supply,get_owner_token_id,get_token_id,get_owner,transfer_ownership,accept_ownership,renounce_ownership,paused,pause,unpause","RoleGranted,RoleRevoked,RoleAdminChanged,AdminTransferInitiated,AdminTransferCompleted,AdminRenounced,OwnershipTransfer,OwnershipTransferCompleted,OwnershipRenounced,SetRoot,SetClaimed,Paused,Unpaused,UserAllowed,UserDisallowed,UserBlocked,UserUnblocked,Burn,Transfer,Approve,Mint,Burn,ConsecutiveMint,SetDefaultRoyalty,SetTokenRoyalty,RemoveTokenRoyalty,Transfer,Approve,ApproveForAll,Mint,KeyAllowed,KeyRemoved,ClaimRevoked,SignaturesInvalidated,ClaimTopicAdded,ClaimTopicRemoved,TrustedIssuerAdded,TrustedIssuerRemoved,IssuerTopicsUpdated,ModuleAdded,ModuleRemoved,DocumentUpdated,DocumentRemoved,ClaimAdded,ClaimRemoved,ClaimChanged,IdentityStored,IdentityUnstored,IdentityModified,IdentityRecovered,CountryDataAdded,CountryDataRemoved,CountryDataModified,TokenBound,TokenUnbound,TokenOnchainIdUpdated,RecoverySuccess,AddressFrozen,TokensFrozen,TokensUnfrozen,Mint,Burn,ComplianceSet,ClaimTopicsAndIssuersSet,IdentityVerifierSet,Deposit,Withdraw"
"CAPQCRJEVBPEXTTYXETVIYIKTGKVX65RRDNUFYGFTKHV5YTSL47XUASD","ecca557e1c80998cf90029ce7b71324c44458c43ca93188c21ddc61e73642369","string","initialize,mint,add_minter,remove_minter,transfer_from,owner_of,set_base_uri,get_base_uri,get_token_uri",""
"CA6GMO6OFFKD2ODJGTOIKOWCVCI3P7KSODLBIK4V5FYNEOLKTGKTXY3Q","f62517c112a5d16dcc1b4d1be4cfc430d515f93603a46cc92824a3839f408c9a","u32","__constructor,mint_with_voucher,is_nonce_used,get_signer,balance,owner_of,transfer,transfer_from,approve,approve_for_all,get_approved,is_approved_for_all,token_uri,name,symbol,burn,burn_from","SetRoot,SetClaimed,Paused,Unpaused,UserAllowed,UserDisallowed,UserBlocked,UserUnblocked,Burn,Deposit,Withdraw,Transfer,Approve,Mint,Burn,ConsecutiveMint,SetDefaultRoyalty,SetTokenRoyalty,RemoveTokenRoyalty,Transfer,Approve,ApproveForAll,Mint,KeyAllowed,KeyRemoved,ClaimRevoked,ClaimTopicAdded,ClaimTopicRemoved,TrustedIssuerAdded,TrustedIssuerRemoved,IssuerTopicsUpdated,ModuleAdded,ModuleRemoved,DocumentUpdated,DocumentRemoved,ClaimAdded,ClaimRemoved,ClaimChanged,IdentityStored,IdentityUnstored,IdentityModified,CountryDataAdded,CountryDataRemoved,CountryDataModified,TokenBound,TokenUnbound,TokenOnchainIdUpdated,RecoverySuccess,AddressFrozen,TokensFrozen,TokensUnfrozen,Mint,Burn,ComplianceSet,ClaimTopicsAndIssuersSet,IdentityRegistryStorageSet"
"CDHW3FVR6HBU6TJ2WN72MUP3HVC7HWGRXJ7DUEGGRX5NQLI4O2R5EO6I","fda4715d94ee2abb5443c612de81f8dddd09bfa5cdf54f62dd8f77ffa29469be","u32","burn,mint,name,pause,paused,reveal,symbol,approve,balance,unpause,upgrade,version,base_uri,decimals,owner_of,transfer,burn_from,get_owner,token_uri,max_supply,mint_batch,is_revealed,merkle_root,public_mint,get_approved,royalty_info,set_base_uri,total_minted,__constructor,set_claimable,transfer_from,batch_transfer,whitelist_mint,approve_for_all,set_merkle_root,accept_ownership,whitelist_active,get_token_metadata,public_mint_active,renounce_ownership,transfer_ownership,batch_set_claimable,is_approved_for_all,set_whitelist_active,set_royalty_recipient,set_public_mint_active","RoleGranted,RoleRevoked,AdminRenounced,RoleAdminChanged,AdminTransferCompleted,AdminTransferInitiated,OwnershipTransfer,OwnershipRenounced,OwnershipTransferCompleted,SetRoot,SetClaimed,Paused,Unpaused,ConsecutiveMint,Burn,SetTokenRoyalty,SetDefaultRoyalty,RemoveTokenRoyalty,Mint,Approve,Transfer,ApproveForAll,ModuleAdded,ModuleRemoved,DocumentRemoved,DocumentUpdated,KeyAllowed,KeyRemoved,ClaimRevoked,SignaturesInvalidated,ClaimAdded,ClaimChanged,ClaimRemoved,Burn,Mint,ClaimTopicAdded,ClaimTopicRemoved,TrustedIssuerAdded,IssuerTopicsUpdated,TrustedIssuerRemoved,IdentityStored,CountryDataAdded,IdentityModified,IdentityUnstored,IdentityRecovered,CountryDataRemoved,CountryDataModified,TokensFrozen,AddressFrozen,ComplianceSet,TokensUnfrozen,RecoverySuccess,IdentityVerifierSet,TokenOnchainIdUpdated,ClaimTopicsAndIssuersSet,TokenBound,TokenUnbound,Deposit,Withdraw,Burn,UserAllowed,UserDisallowed,UserBlocked,UserUnblocked,Mint,Approve,Transfer"
