wasm_hash,rssdkver,rsver,source_repo,home_domain,contract_functions,contract_events
"017ae0d7e6c2141df9ea927a715b3152f0cde31e202c9c3bb7cc0e745616beb6","22.0.7#211569aa49c8d896877dfca1f2eb4fe9071121c8","1.81.0","","","constructor,set_owner,owner_withdraw,increase_instant_ttl,clear_deposit,set_public_key,withdraw,deposit,get_deposit,get_public_key,is_executed,get_owner,hot_verify",""
"02eacac2332ae8308becf4a0428b469b8b47f9ca0bfba8ef6418b6000b657e4a","23.2.1#ab415a33cc1f6bdce20ac4a12f0ddbe41a648949","1.89.0","","","constructor,set_owner,owner_withdraw,increase_instance_ttl,clear_deposit,set_public_key,withdraw,deposit,get_deposit,get_timestamp,get_public_key,is_executed,get_owner,hot_verify","NonceExpired,Deposit"
"0449759c767cbaae16bee7b10fa5aa9f6e9ef25ff5dd5607e39d7b9d100417bf","22.0.7#211569aa49c8d896877dfca1f2eb4fe9071121c8","1.81.0","","","constructor,set_owner,set_public_key,withdraw,deposit,get_deposit,get_public_key,is_executed,get_owner,hot_verify",""
"0af2a834e70ec13e27ee5d9aa3b08e20e24038c3d99cb638c34d358fd25d828e","23.0.2#a97daf8b07cdf24e9bd45e344db51a21b9ea77d3","1.85.0","","","init,change_owner,upgrade,get_prices,write_prices,read_prices,read_timestamp,read_price_data_for_feed,read_price_data,unique_signer_threshold",""
"0b85a7d1479435adae1f26cd1b5415c02b836bd5ccbebae4f0eb265312848951","20.5.0#9e2c3022b4355b224a7a814e13ba51761eeb14bb","1.79.0","","","initialize,set_admin,set_upgrade_authority,set_protocol_fee,set_protocol_fee_handler,set_default_connection,send_call,handle_message,handle_error,execute_call,execute_rollback,get_admin,get_upgrade_authority,get_network_address,get_fee,get_protocol_fee,get_protocol_fee_handler,get_default_connection,verify_success,upgrade,extend_instance_storage",""
"0c872d8526f8749c25160f5208166645fc6ffaa8738b4fc4d066369ee2f1350c","25.3.0#dcbea44513feb7734af6b6c4aced2c4a7a2715d0","1.89.0","","","__constructor,submit_set_paused,submit_set_admin,submit_set_curator,submit_set_governance,submit_set_supply_queue,submit_set_fees,submit_set_withdrawal_cooldown,submit_set_idle_resync_cooldown,submit_set_restrictions,set_paused,set_restrictions,submit_set_sentinel,submit_set_allocators,submit_set_allowed_adapters,submit_set_timelock,submit_set_cap,submit_remove_market,submit_set_group_cap,submit_set_group_rel_cap,submit_set_group_member,submit_set_skim_recipient,submit_skim,submit_upgrade,submit_migrate,submit_cancel_migration,abdicate,is_abdicated,submit_other,check_other,consume_other,revoke_other_pending,accept,accept_kind,revoke,revoke_kind,pending,pending_ids,timelock_ns,timelocks,admin,vault,sentinel,extend_ttl","ProposalSubmitted,ProposalAccepted,ProposalRevoked"
"0fed8de986bc052d26eedb88e0f32760c7276a0a147b0f34ded0179147e4aca7","23.0.3#6aa930b08eabfd578b7824a0d5de473cbd958282","1.85.0","redstone-finance/redstone-public-contracts","","init,change_owner,accept_ownership,cancel_ownership_transfer,upgrade,get_prices,write_prices,read_prices,read_timestamp,read_price_data_for_feed,read_price_data,check_price_data,unique_signer_threshold",""
"13c5614b3a924bb0956d39c28884f5eb6a88dcbb8a34f35831e4a61b2c341fae","20.5.0#9e2c3022b4355b224a7a814e13ba51761eeb14bb","1.75.0","","","initialize,bond,unbond,create_distribution_flow,distribute_rewards,withdraw_rewards,fund_distribution,upgrade,query_config,query_admin,query_staked,query_total_staked,query_annualized_rewards,query_withdrawable_rewards,query_distributed_rewards,query_undistributed_rewards",""
"18aaa5a99271d17356bf1cfb3c45c8b8f1541cd8491279f6ae46b869b788069f","20.5.0#9e2c3022b4355b224a7a814e13ba51761eeb14bb","1.74.1","","","initialize,mint,mint_to,mint_for,claim_tokens,claim_token,burn_remaining,update_admin,restart,get_launchpad_info,get_tokens_to_claim,get_total_minted,get_mint_list,get_tokens_range,version",""
"196dab9448790a1de0500928a3df6f10e81a3bd0bd4fbacbed2215a1c0075165","25.3.1#e50d95af029c83196dd122f0154bac3f1302394b","1.93.0","","","name,renew,symbol,approve,balance,resolve,upgrade,owner_of,register,transfer,get_price,set_admin,token_uri,early_exit,extend_ttl,gift_renew,initialize,set_status,fix_pricing,set_records,get_approved,get_token_id,is_available,nft_transfer,set_base_uri,total_minted,expire_domain,set_subdomain,transfer_from,get_node_count,approve_for_all,reverse_resolve,set_marketplace,set_ustry_token,get_pause_status,get_vault_shares,set_aquarius_pool,get_operator_wallet,is_approved_for_all,set_aquarius_router,set_operator_wallet,marketplace_transfer,get_domain_attributes,set_pause_registrations,set_aquarius_pool_contract","NftMintEvent,EarlyExitEvent,NftApproveEvent,NftTransferEvent,DomainExpiredEvent,DomainRenewedEvent,RecordUpdatedEvent,RegistryPauseEvent,StatusChangedEvent,DomainRegisteredEvent,NftApproveForAllEvent,DomainTransferredEvent,MarketplaceTransferEvent"
"1a8c4b52764ce65315c5938593f9993d44b14e45776e33ef327794c3f493cf04","25.3.1#e50d95af029c83196dd122f0154bac3f1302394b","1.93.0","","","name,renew,symbol,approve,balance,resolve,upgrade,owner_of,register,transfer,get_price,set_admin,token_uri,early_exit,extend_ttl,gift_renew,initialize,set_status,fix_pricing,set_records,get_approved,get_token_id,is_available,nft_transfer,set_base_uri,total_minted,expire_domain,set_subdomain,transfer_from,get_node_count,approve_for_all,reverse_resolve,set_marketplace,set_ustry_token,get_pause_status,get_vault_shares,set_aquarius_pool,get_operator_wallet,is_approved_for_all,set_aquarius_router,set_operator_wallet,marketplace_transfer,get_domain_attributes,set_pause_registrations,set_aquarius_pool_contract","NftMintEvent,EarlyExitEvent,NftApproveEvent,NftTransferEvent,DomainExpiredEvent,DomainRenewedEvent,RecordUpdatedEvent,RegistryPauseEvent,StatusChangedEvent,DomainRegisteredEvent,NftApproveForAllEvent,DomainTransferredEvent,MarketplaceTransferEvent"
"1c1c79b36912a5b393212750198ec240934475e82fde5ce383d193924e78e193","25.3.1#e50d95af029c83196dd122f0154bac3f1302394b","1.93.0","","","name,renew,symbol,approve,balance,resolve,upgrade,owner_of,register,transfer,get_price,set_admin,token_uri,early_exit,extend_ttl,gift_renew,initialize,set_status,fix_pricing,set_records,get_approved,get_token_id,is_available,nft_transfer,set_base_uri,total_minted,expire_domain,set_subdomain,transfer_from,get_node_count,approve_for_all,reverse_resolve,set_marketplace,set_ustry_token,get_pause_status,get_vault_shares,set_aquarius_pool,get_operator_wallet,is_approved_for_all,set_aquarius_router,set_operator_wallet,marketplace_transfer,get_domain_attributes,set_pause_registrations,set_aquarius_pool_contract","NftMintEvent,EarlyExitEvent,NftApproveEvent,NftTransferEvent,DomainExpiredEvent,DomainRenewedEvent,RecordUpdatedEvent,RegistryPauseEvent,StatusChangedEvent,DomainRegisteredEvent,NftApproveForAllEvent,DomainTransferredEvent,MarketplaceTransferEvent"
"1d64fdb00ff27d96ccc0eda4c2b353e01a0d183de00b93a3407d3da9f6d7d2cf","25.3.0#dcbea44513feb7734af6b6c4aced2c4a7a2715d0","1.93.0","","","get_vk_hash,verify_proof,__constructor",""
"2008e237f928dc1eba92f072707e6587a7a00cfa7b2dd30718af5f64c8bd9a8e","25.3.0#dcbea44513feb7734af6b6c4aced2c4a7a2715d0","1.86.0","","","initialize,vault,governance,allocate,refresh_markets,resync_idle_balance,extend_vault_ttl,extend_ttl,cancel_migration,set_paused,set_curator,set_governance,set_supply_queue,set_fees,set_restrictions,set_allowed_adapters,set_sentinel,submit_timelock,submit_cap,submit_market_removal,submit_cap_group_update,set_skim_recipient,skim,set_allocators,accept_kind,submit_other,accept,accept_fees,accept_cap,accept_market_removal,accept_cap_group_update,accept_timelock,accept_allocators,revoke,revoke_pending_fees,revoke_pending_cap,revoke_pending_market_removal,revoke_pending_cap_group_update,revoke_pending_timelock,revoke_pending_allocators,revoke_kind,revoke_other_pending,abdicate,pending,pending_ids,timelock_ns,timelocks,admin,guardian,sentinel,is_abdicated,check_other,vault_view,preview,governance_view",""
"252d8c8160e4205652a28bf68fdc49cceb810825bd63df3c6d75f83716c0f72c","25.3.1#e50d95af029c83196dd122f0154bac3f1302394b","1.93.0","","","name,renew,symbol,approve,balance,resolve,upgrade,owner_of,register,transfer,get_price,set_admin,token_uri,early_exit,extend_ttl,gift_renew,initialize,set_status,fix_pricing,set_records,get_approved,get_token_id,is_available,nft_transfer,set_base_uri,total_minted,expire_domain,set_subdomain,transfer_from,get_node_count,approve_for_all,reverse_resolve,set_marketplace,set_ustry_token,get_pause_status,get_vault_shares,set_aquarius_pool,is_approved_for_all,set_aquarius_router,marketplace_transfer,get_domain_attributes,set_pause_registrations","NftMintEvent,EarlyExitEvent,NftApproveEvent,NftTransferEvent,DomainExpiredEvent,DomainRenewedEvent,RecordUpdatedEvent,RegistryPauseEvent,StatusChangedEvent,DomainRegisteredEvent,NftApproveForAllEvent,DomainTransferredEvent,MarketplaceTransferEvent"
"2581ebe02dff2ead81f16def83241579859f01d2fa575a329ab4425a126f4091","25.3.1#e50d95af029c83196dd122f0154bac3f1302394b","1.93.0","","","name,renew,symbol,approve,balance,resolve,upgrade,owner_of,register,transfer,get_price,set_admin,token_uri,early_exit,extend_ttl,gift_renew,initialize,set_status,fix_pricing,get_xld_sac,set_records,set_xld_sac,get_approved,get_token_id,is_available,set_base_uri,set_reserved,total_minted,__constructor,admin_reclaim,admin_restore,expire_domain,set_subdomain,transfer_from,get_node_count,set_avatar_nft,upgrade_domain,approve_for_all,reverse_resolve,set_blacklisted,set_marketplace,set_ustry_token,get_pause_status,get_vault_shares,transfer_by_node,get_domain_status,set_aquarius_pool,set_reserved_batch,zap_public_deposit,admin_reclaim_batch,get_operator_wallet,is_approved_for_all,register_with_ustry,set_aquarius_router,set_operator_wallet,get_early_exit_quote,marketplace_transfer,get_domain_attributes,set_blacklisted_batch,set_pause_registrations,set_aquarius_pool_contract","NftMintEvent,EarlyExitEvent,NftApproveEvent,NftTransferEvent,DomainExpiredEvent,DomainRenewedEvent,RecordUpdatedEvent,RegistryPauseEvent,StatusChangedEvent,DomainRegisteredEvent,NftApproveForAllEvent,DomainTransferredEvent,MarketplaceTransferEvent"
"25f9a46c125b47c837fe22ca6873d3c628dba4a17619abaa969b6299f8ecb87f","20.5.0#9e2c3022b4355b224a7a814e13ba51761eeb14bb","1.74.1","","","initialize,mint,mint_to,mint_for,claim_tokens,claim_token,burn_remaining,update_admin,restart,get_launchpad_info,get_tokens_to_claim,get_total_minted,get_mint_list,get_tokens_range,version",""
"283b09bef8e8b2b118311acf724d42613d3416b40846aacf1433051713f95bd2","22.0.7#211569aa49c8d896877dfca1f2eb4fe9071121c8","1.85.0","","","constructor,set_owner,owner_withdraw,increase_instance_ttl,clear_deposit,set_public_key,withdraw,deposit,get_deposit,get_timestamp,get_public_key,is_executed,get_owner,hot_verify",""
"28aeee6baad2b799bc136080f3bbdf4be65fd0a6cfad81725ef63f5b08c83ea4","22.0.7#211569aa49c8d896877dfca1f2eb4fe9071121c8","1.81.0","","","gas_service,chain_name,its_hub_chain_name,its_hub_address,native_token_address,interchain_token_wasm_hash,token_manager_wasm_hash,is_trusted_chain,set_trusted_chain,remove_trusted_chain,interchain_token_id,canonical_interchain_token_id,linked_token_id,interchain_token_address,token_manager_address,registered_token_address,deployed_token_manager,token_manager_type,flow_limit,flow_out_amount,flow_in_amount,set_flow_limit,deploy_interchain_token,deploy_remote_interchain_token,register_canonical_token,deploy_remote_canonical_token,register_token_metadata,register_custom_token,link_token,interchain_transfer,transfer_token_admin,__constructor,operator,transfer_operatorship,owner,transfer_ownership,paused,pause,unpause,version,required_auths,upgrade,migrate,gateway,execute",""
"2a0415e10d20eb6815a1cc11d3ef97fd856989402bc97a18328cef86c92d2129","22.0.8#f46e9e0610213bbb72285566f9dd960ff96d03d8","1.85.0","","","init,change_admin,upgrade,get_prices,write_prices,read_prices,read_timestamp,read_price_data_for_feed,read_price_data,unique_signer_threshold",""
"2a8c80a24e25e6003f5a26dcea93b41faebd29dcad616f1f021d1f1abd901ee9","","","","","auth",""
"2bf6acd66b0b6319dd2e16558a52312f5d964c3fe1ec9a9e796e60fa82f4c965","22.0.7#211569aa49c8d896877dfca1f2eb4fe9071121c8","1.81.0","","","constructor,set_owner,owner_withdraw,increase_instant_ttl,clear_deposit,set_public_key,withdraw,deposit,get_deposit,get_public_key,is_executed,get_owner,hot_verify",""
"2d366bf7d9e7cdd60dac172eed8f460d4a1dc38f945a80a37d669e23f15faf05","25.3.1#e50d95af029c83196dd122f0154bac3f1302394b","1.93.0","","","name,renew,symbol,approve,balance,resolve,upgrade,owner_of,register,transfer,get_price,set_admin,token_uri,early_exit,extend_ttl,gift_renew,initialize,set_status,fix_pricing,set_records,get_approved,get_token_id,is_available,nft_transfer,set_base_uri,total_minted,expire_domain,set_subdomain,transfer_from,get_node_count,approve_for_all,reverse_resolve,set_marketplace,set_ustry_token,get_pause_status,get_vault_shares,set_aquarius_pool,get_operator_wallet,is_approved_for_all,set_aquarius_router,set_operator_wallet,marketplace_transfer,get_domain_attributes,set_pause_registrations,set_aquarius_pool_contract","NftMintEvent,EarlyExitEvent,NftApproveEvent,NftTransferEvent,DomainExpiredEvent,DomainRenewedEvent,RecordUpdatedEvent,RegistryPauseEvent,StatusChangedEvent,DomainRegisteredEvent,NftApproveForAllEvent,DomainTransferredEvent,MarketplaceTransferEvent"
"2e9cfcbba3c2e672c61dd5e13ce3120be5667a8166380eec639f70b84161ff6a","21.7.4#f67b4bf2d2de04d87d28225a99027fd40b7da914","1.81.0","","","upgrade,set_difficulty,find,mine,stake,un_stake,fkin_nuke_it",""
"30e7508d1efbe178b8d3042c8f47f9c95a0a8bff8282f66d4cdbba5dad43600e","22.0.8#f46e9e0610213bbb72285566f9dd960ff96d03d8","1.87.0","","","__constructor,admin,set_admin,commission_account,set_commission_account,deploy,mint,transfer,approve_transfer,reject_transfer,burn,approve_burn,reject_burn,payer,add_payer,remove_payer,version_build,version,upgrade",""
"32addca261b74e50f723d4dc6132b4d07fe065128711a6c50b3803b37ea3a70b","23.0.2#a97daf8b07cdf24e9bd45e344db51a21b9ea77d3","1.85.0","","","init,change_owner,upgrade,get_prices,write_prices,read_prices,read_timestamp,read_price_data_for_feed,read_price_data,check_price_data,unique_signer_threshold",""
"336d906c24c49f6dd6e7569c9e8498df370107db7c98b72506939c64c524995c","23.0.2#a97daf8b07cdf24e9bd45e344db51a21b9ea77d3","1.85.0","","","init,change_owner,upgrade,decimals,description,feed_id,read_price,read_timestamp,read_price_and_timestamp,read_price_data",""
"3396bd6ce8b9436c06cf184e7f17a888f815f1af08047ffc40de7c085a9e5570","23.2.1#ab415a33cc1f6bdce20ac4a12f0ddbe41a648949","1.89.0","","","constructor,set_owner,owner_withdraw,increase_instance_ttl,clear_deposit,set_public_key,withdraw,deposit,get_deposit,get_timestamp,get_public_key,is_executed,get_owner,hot_verify","NonceExpired,Deposit"
"38b3b960415fc94d1aa96e29bed2ff8c0bc4267e4c75114074225a0c09cbf347","21.7.7#5da789c50b18a4c2be53394138212fed56f0dfc4","1.96.0","","","mint,name,symbol,approve,balance,decimals,transfer,allowance,initialize,faucet_claim,total_supply,transfer_from,faucet_claims_remaining",""
"391d449e041b02d98168c9cddcbfec4213a1b81a4dccc2fcb344c84f1a693325","23.0.2#a97daf8b07cdf24e9bd45e344db51a21b9ea77d3","1.88.0","","","init,get_native_currency_label,token_uri",""
"3bb76e3c5849a8d09bb080583d25a4882667bf0a83bee391e0ce969ab6d852e9","22.0.8#f46e9e0610213bbb72285566f9dd960ff96d03d8","1.91.1","","","burn,mint,name,freeze,symbol,approve,balance,upgrade,decimals,operator,transfer,unfreeze,allowance,burn_from,is_frozen,governance,initialize,init_roles,set_client,send_message,set_metadata,set_operator,create_sender,remove_sender,transfer_from,__constructor,bump_allowlist,is_allowlisted,is_gate_active,set_governance,receive_message,set_gate_active,add_to_allowlist,add_refund_request,create_trusted_addr,remove_trusted_addr,remove_from_allowlist,process_refund_request",""
"3c2e6adf068becdaa7c55e195124ed2ea50b2e6533cdcf30d3ba103b87965ec3","20.5.0#9e2c3022b4355b224a7a814e13ba51761eeb14bb","1.75.0","","","initialize,add_multiple_users,add_user,calculate_bond,calculate_unbond,distribute_rewards,withdraw_rewards,fund_distribution,withdraw_leftover,query_config,query_admin,query_annualized_reward,query_withdrawable_reward,query_distributed_reward,query_undistributed_reward,update",""
"3e464b6dda26a8d5b0bf13d2cb7781a6142bf2c2e4b64edcba093911fa16df5c","23.0.2#a97daf8b07cdf24e9bd45e344db51a21b9ea77d3","1.85.0","redstone-finance/redstone-public-contracts","","init,change_owner,accept_ownership,cancel_ownership_transfer,upgrade,decimals,description,feed_id,read_price,read_timestamp,read_price_and_timestamp,read_price_data",""
"3fa9d6c8a77afbd37f545f88a24722199aa1b0aaf3ab74c0f46d29a5d170beeb","23.0.2#a97daf8b07cdf24e9bd45e344db51a21b9ea77d3","1.85.0","","","init,change_owner,upgrade,get_prices,write_prices,read_prices,read_timestamp,read_price_data_for_feed,read_price_data,check_price_data,unique_signer_threshold,version",""
"4041cbdd8d7d1b700e6b24afb0b40a59aef67f36459782dbd32da381e02a63a3","22.0.4#1d4afb3b981a4f4b2bbc19f0ce38af85c4ab316a","1.86.0","","","admin_get,admin_set,upgrade,__constructor,fetch_hash,current_version,publish,publish_hash,deploy,fetch_contract_id,dev_deploy,upgrade_contract",""
"40aa34ba577fc93b3df0b7cc1d35e965420b69dc25732aa9973d80f3439a1f53","21.7.4#f67b4bf2d2de04d87d28225a99027fd40b7da914","1.79.0","","","initialize,set_admin,set_upgrade_authority,set_protocol_fee,set_protocol_fee_handler,set_default_connection,send_call,handle_message,handle_error,execute_call,execute_rollback,get_admin,get_upgrade_authority,get_network_address,get_fee,get_protocol_fee,get_protocol_fee_handler,get_default_connection,verify_success,upgrade,version",""
"411c137e5d4bd66e9c6b4add155bf00cc37ea159fa6cb7cd7943137776e7b4e2","23.0.2#a97daf8b07cdf24e9bd45e344db51a21b9ea77d3","1.85.0","","","init,change_owner,upgrade,get_prices,write_prices,read_prices,read_timestamp,read_price_data_for_feed,read_price_data,check_price_data,unique_signer_threshold",""
"41bcf82b614b6c52747619648b6d71545f27eba6590ed12c61f1d07273e20160","23.0.2#a97daf8b07cdf24e9bd45e344db51a21b9ea77d3","1.85.0","redstone-finance/redstone-public-contracts","","init,change_owner,upgrade,get_prices,write_prices,read_prices,read_timestamp,read_price_data_for_feed,read_price_data,check_price_data,unique_signer_threshold",""
"44647fcfe0b51bc742d79dbf8d7e68faf644194087d7b76c158cab5af0d0abfd","25.3.1#e50d95af029c83196dd122f0154bac3f1302394b","1.93.0","","","name,renew,symbol,approve,balance,resolve,upgrade,owner_of,register,transfer,get_price,set_admin,token_uri,early_exit,extend_ttl,gift_renew,initialize,set_status,fix_pricing,set_records,get_approved,get_token_id,is_available,nft_transfer,set_base_uri,total_minted,expire_domain,set_subdomain,transfer_from,get_node_count,approve_for_all,reverse_resolve,set_marketplace,set_ustry_token,get_pause_status,get_vault_shares,set_aquarius_pool,get_operator_wallet,is_approved_for_all,set_aquarius_router,set_operator_wallet,marketplace_transfer,get_domain_attributes,set_pause_registrations","NftMintEvent,EarlyExitEvent,NftApproveEvent,NftTransferEvent,DomainExpiredEvent,DomainRenewedEvent,RecordUpdatedEvent,RegistryPauseEvent,StatusChangedEvent,DomainRegisteredEvent,NftApproveForAllEvent,DomainTransferredEvent,MarketplaceTransferEvent"
"4d7638a0453cc8acf0921487dbfe8100acfca674ae55cec8525261180e1260fc","20.5.0#9e2c3022b4355b224a7a814e13ba51761eeb14bb","1.75.0","","","initialize,bond,unbond,create_distribution_flow,distribute_rewards,withdraw_rewards,fund_distribution,upgrade,query_config,query_admin,query_staked,query_total_staked,query_annualized_rewards,query_withdrawable_rewards,query_distributed_rewards,query_undistributed_rewards",""
"4f9766524191e4014f1ab2124f9d0d45140a6baea55e9ecce6786cfeca924f3c","22.0.8#f46e9e0610213bbb72285566f9dd960ff96d03d8","1.85.0","","","init,decimals,description,feed_id,read_price,read_timestamp,read_price_and_timestamp,read_price_data",""
"5002b29a4c05a5260370d7d761971ce9c071a578ae2ea8de3af36669f9feddd3","20.5.0#9e2c3022b4355b224a7a814e13ba51761eeb14bb","1.75.0","","","initialize,bond,unbond,create_distribution_flow,distribute_rewards,withdraw_rewards,fund_distribution,upgrade,query_config,query_admin,query_staked,query_total_staked,query_annualized_rewards,query_withdrawable_rewards,query_distributed_rewards,query_undistributed_rewards",""
"583db66d58f32cd59925ca731ccef2f78143d3a744ae8d4c6f63ee8b16e91950","25.3.1#e50d95af029c83196dd122f0154bac3f1302394b","1.93.0","","","name,renew,symbol,approve,balance,resolve,upgrade,owner_of,register,transfer,get_price,set_admin,token_uri,early_exit,extend_ttl,gift_renew,initialize,set_status,fix_pricing,set_records,get_approved,get_token_id,is_available,nft_transfer,set_base_uri,total_minted,expire_domain,set_subdomain,transfer_from,get_node_count,approve_for_all,reverse_resolve,set_marketplace,set_ustry_token,get_pause_status,get_vault_shares,set_aquarius_pool,zap_public_deposit,get_operator_wallet,is_approved_for_all,register_with_ustry,set_aquarius_router,set_operator_wallet,marketplace_transfer,get_domain_attributes,set_pause_registrations,set_aquarius_pool_contract","NftMintEvent,EarlyExitEvent,NftApproveEvent,NftTransferEvent,DomainExpiredEvent,DomainRenewedEvent,RecordUpdatedEvent,RegistryPauseEvent,StatusChangedEvent,DomainRegisteredEvent,NftApproveForAllEvent,DomainTransferredEvent,MarketplaceTransferEvent"
"59323fdd0bcc2b41d2a0f962b5f2e10cf8a69784fa0e4d1784639630e66c9ff7","20.5.0#9e2c3022b4355b224a7a814e13ba51761eeb14bb","1.78.0","","","initialize,get_state,publish_badge,claim_to_user,add_white_list",""
"5a7cd921c7a54bfe4392ccf5013adab4008296c30971b94ea58815227fb1ef0e","20.5.0#9e2c3022b4355b224a7a814e13ba51761eeb14bb","1.75.0","","","initialize,bond,unbond,create_distribution_flow,distribute_rewards,withdraw_rewards,fund_distribution,query_config,query_admin,query_staked,query_total_staked,query_annualized_rewards,query_withdrawable_rewards,query_distributed_rewards,query_undistributed_rewards,update",""
"5a9b820f9bcc458da05550a45993a9bfe007688e35803c317cba13163766ecc1","21.7.4#f67b4bf2d2de04d87d28225a99027fd40b7da914","1.81.0","","","upgrade,set_difficulty,find,mine,stake,un_stake,fkin_nuke_it",""
"5d96f2bbf25962809ef6fabaa003dd621c85e2236d9831e8e0a96a2003469a3f","22.0.8#f46e9e0610213bbb72285566f9dd960ff96d03d8","1.85.0","","","init,change_admin,upgrade,get_prices,write_prices,read_prices,read_timestamp,read_price_data_for_feed,read_price_data,unique_signer_threshold,version",""
"5e73da950717eee3b5a32421ba45f5f65c0e37a495bf5d518643900909ae716e","22.0.7#211569aa49c8d896877dfca1f2eb4fe9071121c8","1.81.0","","","constructor,set_owner,owner_withdraw,increase_instant_ttl,clear_deposit,set_public_key,withdraw,deposit,get_deposit,get_public_key,is_executed,get_owner,hot_verify",""
"5e93d22c9e19b254dae5474aebbb65a39f2f53b3b1d4371c58281987e1e29945","22.0.8#f46e9e0610213bbb72285566f9dd960ff96d03d8","1.85.0","","","init,change_owner,upgrade,get_prices,write_prices,read_prices,read_timestamp,read_price_data_for_feed,read_price_data,unique_signer_threshold",""
"5ef6c0d9881dfa07a8c444b624385d58f4dec3c0258c423a283d6cf3d4d0473e","23.0.2#a97daf8b07cdf24e9bd45e344db51a21b9ea77d3","1.85.0","","","init,change_owner,upgrade,decimals,description,feed_id,read_price,read_timestamp,read_price_and_timestamp,read_price_data",""
"60a06a8d42a07388f9acaa2fbdd1f5897181f6fc826eb07c52f2a4ebf4a54279","21.7.4#f67b4bf2d2de04d87d28225a99027fd40b7da914","1.81.0","","","upgrade,find,mine,stake,un_stake,fkin_nuke_it",""
"62182cd72e7d7552346d8946680ed09a283ee951c7b5f32aeb19477e0fdfe8c0","23.0.2#a97daf8b07cdf24e9bd45e344db51a21b9ea77d3","1.88.0","","","init,get_native_currency_label,token_uri",""
"66d27fbdd4477eecd2a8d60752b19e3c78056e4216afcf4ba9446243941b75a8","25.3.1#e50d95af029c83196dd122f0154bac3f1302394b","1.93.0","","","name,renew,symbol,approve,balance,resolve,upgrade,owner_of,register,transfer,get_price,set_admin,token_uri,early_exit,extend_ttl,gift_renew,initialize,set_status,fix_pricing,set_records,get_approved,get_token_id,is_available,nft_transfer,set_base_uri,total_minted,expire_domain,set_subdomain,transfer_from,get_node_count,approve_for_all,reverse_resolve,set_marketplace,set_ustry_token,get_pause_status,get_vault_shares,is_approved_for_all,set_aquarius_router,marketplace_transfer,get_domain_attributes,set_pause_registrations","NftMintEvent,EarlyExitEvent,NftApproveEvent,NftTransferEvent,DomainExpiredEvent,DomainRenewedEvent,RecordUpdatedEvent,RegistryPauseEvent,StatusChangedEvent,DomainRegisteredEvent,NftApproveForAllEvent,DomainTransferredEvent,MarketplaceTransferEvent"
"67dd54abf2778ae66e0c26d02560368209fe3e4ae1475c8e2463d4010185d70e","23.0.2#a97daf8b07cdf24e9bd45e344db51a21b9ea77d3","1.85.0","","","init,change_owner,upgrade,get_prices,write_prices,read_prices,read_timestamp,read_price_data_for_feed,read_price_data,check_price_data,unique_signer_threshold,version",""
"681a99952884be9b0e1e8b56ed65319dfa2627eef9e29fcedc9d7e43d1b3333d","23.0.2#a97daf8b07cdf24e9bd45e344db51a21b9ea77d3","1.85.0","","","init,change_owner,upgrade,get_prices,write_prices,read_prices,read_timestamp,read_price_data_for_feed,read_price_data,check_price_data,unique_signer_threshold",""
"6e00a774d7ad80e70d4243049c23be3a8f7159dcb2a1da540140c0fee9fa6fa1","25.3.0#dcbea44513feb7734af6b6c4aced2c4a7a2715d0","1.86.0","","","deposit,deposit_with_min,mint,withdraw,redeem,request_withdraw,execute_withdraw,asset,total_assets,total_supply,balance_of,convert_to_shares,convert_to_assets,preview_deposit,preview_mint,preview_withdraw,preview_redeem,max_deposit,max_mint,max_withdraw,max_redeem,decimals,name,symbol,initialize,extend_ttl",""
"6f6514d775b00c37af674b80e9c8f54505c631f10366a95c5a2c33c43517080c","25.3.1#e50d95af029c83196dd122f0154bac3f1302394b","1.93.0","","","name,renew,symbol,approve,balance,resolve,upgrade,owner_of,register,transfer,get_price,set_admin,token_uri,early_exit,extend_ttl,gift_renew,initialize,set_status,fix_pricing,set_records,get_approved,get_token_id,is_available,set_base_uri,set_reserved,total_minted,__constructor,expire_domain,set_subdomain,transfer_from,get_node_count,set_avatar_nft,upgrade_domain,approve_for_all,reverse_resolve,set_blacklisted,set_marketplace,set_ustry_token,get_pause_status,get_vault_shares,transfer_by_node,set_aquarius_pool,zap_public_deposit,get_operator_wallet,is_approved_for_all,register_with_ustry,set_aquarius_router,set_operator_wallet,marketplace_transfer,get_domain_attributes,set_pause_registrations,set_aquarius_pool_contract","NftMintEvent,EarlyExitEvent,NftApproveEvent,NftTransferEvent,DomainExpiredEvent,DomainRenewedEvent,RecordUpdatedEvent,RegistryPauseEvent,StatusChangedEvent,DomainRegisteredEvent,NftApproveForAllEvent,DomainTransferredEvent,MarketplaceTransferEvent"
"70e85bad378c4eaeb33449924b9f25b6c91ee486a2af1be2a102adc20301b001","23.0.2#a97daf8b07cdf24e9bd45e344db51a21b9ea77d3","1.85.0","","","init,change_owner,upgrade,get_prices,write_prices,read_prices,read_timestamp,read_price_data_for_feed,read_price_data,check_price_data,unique_signer_threshold",""
"718cdb86a1fc7371720032795f849a28223478e08e5405896aaa63d59ce0eacf","20.3.2#1d7f9bd8030f69070634bfb07394339824ceb399","1.74.1","","","initialize,mint,mint_to,mint_for,claim_tokens,claim_token,burn_remaining,update_admin,get_launchpad_info,get_tokens_to_claim,get_total_minted,get_mint_list,get_tokens_range,version",""
"71b4991b83beb7b39164fb507a6a2f690a082a7b1dd1f1d45209195e72604b8c","25.3.0#dcbea44513feb7734af6b6c4aced2c4a7a2715d0","1.89.0","","","gas_service,chain_name,its_hub_chain_name,its_hub_address,native_token_address,interchain_token_wasm_hash,token_manager_wasm_hash,is_trusted_chain,set_trusted_chain,remove_trusted_chain,interchain_token_id,canonical_interchain_token_id,linked_token_id,interchain_token_address,token_manager_address,registered_token_address,deployed_token_manager,token_manager_type,flow_limit,flow_out_amount,flow_in_amount,set_flow_limit,deploy_interchain_token,deploy_remote_interchain_token,register_canonical_token,deploy_remote_canonical_token,register_token_metadata,register_custom_token,link_token,interchain_transfer,transfer_token_admin,__constructor,operator,transfer_operatorship,owner,transfer_ownership,paused,pause,unpause,version,required_auths,upgrade,migrate,gateway,execute","Approve,TransferWithAmountOnly,Transfer,Burn,MintWithAmountOnly,Mint,Clawback"
"727192d1a0dd42342cd1aa7a2f8832688a578d28a8d486c01b715d7a48a76008","22.0.8#f46e9e0610213bbb72285566f9dd960ff96d03d8","1.91.1","","","burn,mint,name,admin,symbol,approve,balance,upgrade,decimals,transfer,allowance,burn_from,set_admin,initialize,set_client,send_message,create_sender,remove_sender,transfer_from,__constructor,receive_message,add_refund_request,create_trusted_addr,remove_trusted_addr,process_refund_request",""
"729fa446a553d1913044a2c2cb176b69e53a015fdabc732b55c9f9fdab155e96","22.0.8#f46e9e0610213bbb72285566f9dd960ff96d03d8","1.85.0","","","init,change_admin,upgrade,get_prices,write_prices,read_prices,read_timestamp,read_price_data_for_feed,read_price_data,unique_signer_threshold",""
"72c11500ed1138354ef40f0539b588dda76ad6172b7d7e5c171c16d886893384","23.0.3#6aa930b08eabfd578b7824a0d5de473cbd958282","1.85.0","redstone-finance/redstone-public-contracts","","init,change_owner,accept_ownership,cancel_ownership_transfer,upgrade,decimals,description,feed_id,read_price,read_timestamp,read_price_and_timestamp,read_price_data",""
"73cb2ed6ab42eaf7d57304adee75962623084269d9daa6c15cf322b5489d6788","25.3.1#e50d95af029c83196dd122f0154bac3f1302394b","1.93.0","","","name,renew,symbol,approve,balance,resolve,upgrade,owner_of,register,transfer,get_price,set_admin,token_uri,early_exit,extend_ttl,gift_renew,initialize,set_status,fix_pricing,get_xld_sac,set_records,set_xld_sac,get_approved,get_token_id,is_available,set_base_uri,set_reserved,total_minted,__constructor,admin_reclaim,expire_domain,set_subdomain,transfer_from,get_node_count,set_avatar_nft,upgrade_domain,approve_for_all,reverse_resolve,set_blacklisted,set_marketplace,set_ustry_token,get_pause_status,get_vault_shares,transfer_by_node,get_domain_status,set_aquarius_pool,set_reserved_batch,zap_public_deposit,admin_reclaim_batch,get_operator_wallet,is_approved_for_all,register_with_ustry,set_aquarius_router,set_operator_wallet,get_early_exit_quote,marketplace_transfer,get_domain_attributes,set_blacklisted_batch,set_pause_registrations,set_aquarius_pool_contract","NftMintEvent,EarlyExitEvent,NftApproveEvent,NftTransferEvent,DomainExpiredEvent,DomainRenewedEvent,RecordUpdatedEvent,RegistryPauseEvent,StatusChangedEvent,DomainRegisteredEvent,NftApproveForAllEvent,DomainTransferredEvent,MarketplaceTransferEvent"
"791feb3519e92dd8d234a0b95ebeccd232025da85040c0feb13f686237933a35","25.3.1#e50d95af029c83196dd122f0154bac3f1302394b","1.93.0","","","name,renew,symbol,approve,balance,resolve,upgrade,owner_of,register,transfer,get_price,set_admin,token_uri,early_exit,extend_ttl,gift_renew,initialize,set_status,fix_pricing,get_xld_sac,set_records,set_xld_sac,get_approved,get_token_id,is_available,set_base_uri,set_reserved,total_minted,__constructor,admin_reclaim,admin_restore,expire_domain,set_subdomain,transfer_from,get_node_count,set_avatar_nft,upgrade_domain,approve_for_all,reverse_resolve,set_blacklisted,set_marketplace,set_ustry_token,get_pause_status,get_vault_shares,transfer_by_node,get_domain_status,set_aquarius_pool,set_reserved_batch,zap_public_deposit,admin_reclaim_batch,get_operator_wallet,is_approved_for_all,register_with_ustry,set_aquarius_router,set_operator_wallet,get_early_exit_quote,marketplace_transfer,get_domain_attributes,set_blacklisted_batch,set_pause_registrations,set_aquarius_pool_contract","NftMintEvent,EarlyExitEvent,NftApproveEvent,NftTransferEvent,DomainExpiredEvent,DomainRenewedEvent,RecordUpdatedEvent,RegistryPauseEvent,StatusChangedEvent,DomainRegisteredEvent,NftApproveForAllEvent,DomainTransferredEvent,MarketplaceTransferEvent"
"7c20b0099c937806de32d30f4013e8e0fe3c229652ca0506536770e8ec899b02","21.7.7#5da789c50b18a4c2be53394138212fed56f0dfc4","1.96.0","","","initialize,settle_402,get_fee_schedule,set_fee_schedule,treasury_balance",""
"7d342470dbf0d32d48c7679da8f424a478c6af58018994cf9138650eca7dfc92","20.5.0#9e2c3022b4355b224a7a814e13ba51761eeb14bb","1.78.0","","","init,verify_generic,is_reporter,add_reporter,remove_reporter,upgrade",""
"7ebdf38b7df81ad0deaae0d09b3123b6f1617ffae9618382c5d11acb7b991191","22.0.6#0c47dcfa187069d241f11fb082730f667b55e802","1.81.0","","","gateway,execute,gas_service,chain_name,its_hub_chain_name,its_hub_address,native_token_address,interchain_token_wasm_hash,token_manager_wasm_hash,is_trusted_chain,set_trusted_chain,remove_trusted_chain,interchain_token_id,canonical_interchain_token_id,interchain_token_address,token_manager_address,token_address,token_manager,token_manager_type,flow_limit,flow_out_amount,flow_in_amount,set_flow_limit,deploy_interchain_token,deploy_remote_interchain_token,register_canonical_token,deploy_remote_canonical_token,interchain_transfer,__constructor,operator,transfer_operatorship,owner,transfer_ownership,paused,pause,unpause,version,upgrade,migrate",""
"7ff2ddfd6762fa777e25f23303a036de44f2ec71f4d6fdbe13cfaf93e4a3957c","25.3.1#e50d95af029c83196dd122f0154bac3f1302394b","1.93.0","","","name,renew,symbol,approve,balance,resolve,upgrade,owner_of,register,transfer,get_price,set_admin,token_uri,early_exit,extend_ttl,gift_renew,initialize,set_status,fix_pricing,set_records,get_approved,get_token_id,is_available,set_base_uri,set_reserved,total_minted,expire_domain,set_subdomain,transfer_from,get_node_count,set_avatar_nft,upgrade_domain,approve_for_all,reverse_resolve,set_blacklisted,set_marketplace,set_ustry_token,get_pause_status,get_vault_shares,transfer_by_node,set_aquarius_pool,zap_public_deposit,get_operator_wallet,is_approved_for_all,register_with_ustry,set_aquarius_router,set_operator_wallet,marketplace_transfer,get_domain_attributes,set_pause_registrations,set_aquarius_pool_contract","NftMintEvent,EarlyExitEvent,NftApproveEvent,NftTransferEvent,DomainExpiredEvent,DomainRenewedEvent,RecordUpdatedEvent,RegistryPauseEvent,StatusChangedEvent,DomainRegisteredEvent,NftApproveForAllEvent,DomainTransferredEvent,MarketplaceTransferEvent"
"816413c82e152a87ea9c83dcab201df380561d56936780b3a527f89b468be3fc","25.3.1#e50d95af029c83196dd122f0154bac3f1302394b","1.93.0","","","name,renew,symbol,approve,balance,resolve,upgrade,owner_of,register,transfer,get_price,set_admin,token_uri,early_exit,extend_ttl,gift_renew,initialize,set_status,fix_pricing,set_records,get_approved,get_token_id,is_available,nft_transfer,set_base_uri,total_minted,expire_domain,set_subdomain,transfer_from,get_node_count,approve_for_all,reverse_resolve,set_marketplace,set_ustry_token,get_pause_status,get_vault_shares,set_aquarius_pool,get_operator_wallet,is_approved_for_all,set_aquarius_router,set_operator_wallet,marketplace_transfer,get_domain_attributes,set_pause_registrations,set_aquarius_pool_contract","NftMintEvent,EarlyExitEvent,NftApproveEvent,NftTransferEvent,DomainExpiredEvent,DomainRenewedEvent,RecordUpdatedEvent,RegistryPauseEvent,StatusChangedEvent,DomainRegisteredEvent,NftApproveForAllEvent,DomainTransferredEvent,MarketplaceTransferEvent"
"827225d8911a0034b6059f6279453b8d6a09a9510b061026bdcbdbe19f918d0d","22.0.7#211569aa49c8d896877dfca1f2eb4fe9071121c8","1.81.0","","","gas_service,chain_name,its_hub_chain_name,its_hub_address,native_token_address,interchain_token_wasm_hash,token_manager_wasm_hash,is_trusted_chain,set_trusted_chain,remove_trusted_chain,interchain_token_id,canonical_interchain_token_id,linked_token_id,interchain_token_address,token_manager_address,registered_token_address,deployed_token_manager,token_manager_type,flow_limit,flow_out_amount,flow_in_amount,set_flow_limit,deploy_interchain_token,deploy_remote_interchain_token,register_canonical_token,deploy_remote_canonical_token,register_token_metadata,register_custom_token,link_token,interchain_transfer,transfer_token_admin,__constructor,operator,transfer_operatorship,owner,transfer_ownership,paused,pause,unpause,version,required_auths,upgrade,migrate,gateway,execute",""
"84a3f14abef991fd0160df013d2970ad2feb395eb0fb628dd0750ec0c959339a","25.3.0#dcbea44513feb7734af6b6c4aced2c4a7a2715d0","1.92.0","","","cancel,commit,execute,upgrade,set_admin,commitment,set_status,__constructor","TradeExecuted,CancelCommitment,CreateCommitment"
"857f3a3c90e99dcf96584919775d44a21a5b13306a374585f8b7c070d7bfc565","","","","","hello",""
"86632756875c7d31e39403ad8d36d191615915d91d4c87664ce451d3219fada3","23.0.2#a97daf8b07cdf24e9bd45e344db51a21b9ea77d3","1.85.0","","","init,change_owner,accept_ownership,cancel_ownership_transfer,upgrade,get_prices,write_prices,read_prices,read_timestamp,read_price_data_for_feed,read_price_data,check_price_data,unique_signer_threshold",""
"8d3a30572618b43c442380bfa41d5894e152fd2e75c749a80627643b7cc8984b","25.3.1#e50d95af029c83196dd122f0154bac3f1302394b","1.93.0","","","name,renew,symbol,approve,balance,resolve,upgrade,owner_of,register,transfer,get_price,set_admin,token_uri,early_exit,extend_ttl,gift_renew,initialize,set_status,fix_pricing,set_records,get_approved,get_token_id,is_available,nft_transfer,set_base_uri,total_minted,expire_domain,set_subdomain,transfer_from,get_node_count,approve_for_all,reverse_resolve,set_marketplace,set_ustry_token,get_pause_status,get_vault_shares,set_aquarius_pool,get_operator_wallet,is_approved_for_all,set_aquarius_router,set_operator_wallet,marketplace_transfer,get_domain_attributes,set_pause_registrations,set_aquarius_pool_contract","NftMintEvent,EarlyExitEvent,NftApproveEvent,NftTransferEvent,DomainExpiredEvent,DomainRenewedEvent,RecordUpdatedEvent,RegistryPauseEvent,StatusChangedEvent,DomainRegisteredEvent,NftApproveForAllEvent,DomainTransferredEvent,MarketplaceTransferEvent"
"9011a61f9abfe61961383a846a5acf42e7b0be562a9942f11ab80ab8c8050a33","25.3.1#e50d95af029c83196dd122f0154bac3f1302394b","1.93.0","","","name,renew,symbol,approve,balance,resolve,upgrade,owner_of,register,transfer,get_price,set_admin,token_uri,early_exit,extend_ttl,gift_renew,initialize,set_status,fix_pricing,set_records,get_approved,get_token_id,is_available,set_base_uri,set_reserved,total_minted,expire_domain,set_subdomain,transfer_from,get_node_count,set_avatar_nft,upgrade_domain,approve_for_all,reverse_resolve,set_blacklisted,set_marketplace,set_ustry_token,get_pause_status,get_vault_shares,transfer_by_node,set_aquarius_pool,zap_public_deposit,get_operator_wallet,is_approved_for_all,register_with_ustry,set_aquarius_router,set_operator_wallet,marketplace_transfer,get_domain_attributes,set_pause_registrations,set_aquarius_pool_contract","NftMintEvent,EarlyExitEvent,NftApproveEvent,NftTransferEvent,DomainExpiredEvent,DomainRenewedEvent,RecordUpdatedEvent,RegistryPauseEvent,StatusChangedEvent,DomainRegisteredEvent,NftApproveForAllEvent,DomainTransferredEvent,MarketplaceTransferEvent"
"913fb93a270019445571fdf5a2daf09afc3f93d009870d3ed671608b3fa5c87f","23.0.2#a97daf8b07cdf24e9bd45e344db51a21b9ea77d3","1.85.0","","","init,change_owner,upgrade,get_prices,write_prices,read_prices,read_timestamp,read_price_data_for_feed,read_price_data,check_price_data,unique_signer_threshold",""
"92a3e902b97bb2fc4ff1414922c1a2b99b8ae2ff9883e04df6ad76cbb96b49b4","22.0.7#211569aa49c8d896877dfca1f2eb4fe9071121c8","1.81.0","","","constructor,set_owner,owner_withdraw,increase_instant_ttl,clear_deposit,set_public_key,withdraw,deposit,get_deposit,get_public_key,is_executed,get_owner,hot_verify",""
"931f5d79888f6328e0b7c64038d7d2a5dcc00e6a3decbc31cdbdbf978adbee99","20.5.0#9e2c3022b4355b224a7a814e13ba51761eeb14bb","1.78.0","","","publish_story,update_story,publish_nft,mint_nft,claim_author_reserved_nft,create_task,update_task,cancel_task,create_task_submit,withdraw_task_submit,mark_task_done,get_state",""
"940b06c99abdd9a632eec17e04df39564b13bd682ad110743152225cb510324b","23.0.3#6aa930b08eabfd578b7824a0d5de473cbd958282","1.85.0","","","init,change_owner,accept_ownership,cancel_ownership_transfer,upgrade,get_prices,write_prices,read_prices,read_timestamp,read_price_data_for_feed,read_price_data,check_price_data,unique_signer_threshold",""
"95468d6baff19b53e54ecac4b9b544ff7eb8f2a19366ff99ca55423c8ed187f2","25.3.1#e50d95af029c83196dd122f0154bac3f1302394b","1.93.0","","","name,renew,symbol,approve,balance,resolve,upgrade,owner_of,register,transfer,get_price,set_admin,token_uri,early_exit,extend_ttl,gift_renew,initialize,set_status,fix_pricing,set_records,get_approved,get_token_id,is_available,nft_transfer,set_base_uri,total_minted,expire_domain,set_subdomain,transfer_from,get_node_count,approve_for_all,reverse_resolve,set_marketplace,set_ustry_token,get_pause_status,get_vault_shares,set_aquarius_pool,get_operator_wallet,is_approved_for_all,set_aquarius_router,set_operator_wallet,marketplace_transfer,get_domain_attributes,set_pause_registrations,set_aquarius_pool_contract","NftMintEvent,EarlyExitEvent,NftApproveEvent,NftTransferEvent,DomainExpiredEvent,DomainRenewedEvent,RecordUpdatedEvent,RegistryPauseEvent,StatusChangedEvent,DomainRegisteredEvent,NftApproveForAllEvent,DomainTransferredEvent,MarketplaceTransferEvent"
"96feada3dbda254c77975fb1492a2a0c9bf2d0326129f1c10a8cc7d232fcec9e","","","","","init,readme,version,upgrade",""
"98b8a8bb1f29ec8bd430d9885a6785335f38c2eba41fcd66c6030dd4ab009c1e","25.3.1#e50d95af029c83196dd122f0154bac3f1302394b","1.93.0","","","name,renew,symbol,approve,balance,resolve,upgrade,owner_of,register,transfer,get_price,set_admin,token_uri,early_exit,extend_ttl,gift_renew,initialize,set_status,fix_pricing,get_xld_sac,set_records,set_xld_sac,get_approved,get_token_id,is_available,set_base_uri,set_reserved,total_minted,__constructor,admin_reclaim,expire_domain,set_subdomain,transfer_from,get_node_count,set_avatar_nft,upgrade_domain,approve_for_all,reverse_resolve,set_blacklisted,set_marketplace,set_ustry_token,get_pause_status,get_vault_shares,transfer_by_node,get_domain_status,set_aquarius_pool,set_reserved_batch,zap_public_deposit,admin_reclaim_batch,get_operator_wallet,is_approved_for_all,register_with_ustry,set_aquarius_router,set_operator_wallet,get_early_exit_quote,marketplace_transfer,get_domain_attributes,set_blacklisted_batch,set_pause_registrations,set_aquarius_pool_contract","NftMintEvent,EarlyExitEvent,NftApproveEvent,NftTransferEvent,DomainExpiredEvent,DomainRenewedEvent,RecordUpdatedEvent,RegistryPauseEvent,StatusChangedEvent,DomainRegisteredEvent,NftApproveForAllEvent,DomainTransferredEvent,MarketplaceTransferEvent"
"98d06f5676debc0d43e1056c76acdcafb5afc4b44860b56b6704adda85e05765","25.3.1#e50d95af029c83196dd122f0154bac3f1302394b","1.93.0","","","name,renew,symbol,approve,balance,resolve,upgrade,owner_of,register,transfer,get_price,set_admin,token_uri,early_exit,extend_ttl,gift_renew,initialize,set_status,fix_pricing,set_records,get_approved,get_token_id,is_available,set_base_uri,set_reserved,total_minted,expire_domain,set_subdomain,transfer_from,get_node_count,set_avatar_nft,upgrade_domain,approve_for_all,reverse_resolve,set_blacklisted,set_marketplace,set_ustry_token,get_pause_status,get_vault_shares,transfer_by_node,set_aquarius_pool,set_xld_sac_token,zap_public_deposit,get_operator_wallet,is_approved_for_all,register_with_ustry,set_aquarius_router,set_operator_wallet,marketplace_transfer,get_domain_attributes,set_pause_registrations,set_aquarius_pool_contract","NftMintEvent,EarlyExitEvent,NftApproveEvent,NftTransferEvent,DomainExpiredEvent,DomainRenewedEvent,RecordUpdatedEvent,RegistryPauseEvent,StatusChangedEvent,DomainRegisteredEvent,NftApproveForAllEvent,DomainTransferredEvent,MarketplaceTransferEvent"
"998bd960724fc7eda978da9dc6764f70810f3d731566f035f9eb172e3332a8ba","25.3.1#e50d95af029c83196dd122f0154bac3f1302394b","1.93.0","","","name,renew,symbol,approve,balance,resolve,upgrade,owner_of,register,transfer,get_price,set_admin,token_uri,early_exit,extend_ttl,gift_renew,initialize,set_status,fix_pricing,set_records,get_approved,get_token_id,is_available,nft_transfer,set_base_uri,total_minted,expire_domain,set_subdomain,transfer_from,get_node_count,approve_for_all,reverse_resolve,set_marketplace,set_ustry_token,get_pause_status,get_vault_shares,set_aquarius_pool,zap_public_deposit,get_operator_wallet,is_approved_for_all,register_with_ustry,set_aquarius_router,set_operator_wallet,marketplace_transfer,get_domain_attributes,set_pause_registrations,set_aquarius_pool_contract","NftMintEvent,EarlyExitEvent,NftApproveEvent,NftTransferEvent,DomainExpiredEvent,DomainRenewedEvent,RecordUpdatedEvent,RegistryPauseEvent,StatusChangedEvent,DomainRegisteredEvent,NftApproveForAllEvent,DomainTransferredEvent,MarketplaceTransferEvent"
"99a5c6748fc650f81236d05516dfe7ca6b396726851a40107cfef6c691269736","25.3.0#dcbea44513feb7734af6b6c4aced2c4a7a2715d0","1.89.0","","","gas_service,chain_name,its_hub_chain_name,its_hub_address,native_token_address,interchain_token_wasm_hash,token_manager_wasm_hash,is_trusted_chain,set_trusted_chain,remove_trusted_chain,interchain_token_id,canonical_interchain_token_id,linked_token_id,interchain_token_address,token_manager_address,registered_token_address,deployed_token_manager,token_manager_type,flow_limit,flow_out_amount,flow_in_amount,is_flow_limiter,set_flow_limit,add_flow_limiter,remove_flow_limiter,transfer_flow_limiter,deploy_interchain_token,deploy_remote_interchain_token,register_canonical_token,deploy_remote_canonical_token,register_token_metadata,register_custom_token,link_token,interchain_transfer,transfer_token_admin,__constructor,operator,transfer_operatorship,owner,transfer_ownership,paused,pause,unpause,version,required_auths,upgrade,migrate,gateway,execute","Approve,TransferWithAmountOnly,Transfer,Burn,MintWithAmountOnly,Mint,Clawback"
"9cc0613cd610bb623be169d6face8b1921d0406f88b17e15c3a1c0679f092e90","23.4.1#e671b396f8bacf1370925f722df158b31c0baae5","1.90.0","","","initialize,set_asset_feed_mapping,remove_asset_feed_mapping,process_payload,write_prices,read_prices,get_price_details,lastprice,decimals,base,get_admin,propose_admin,accept_admin,cancel_admin_proposal,get_pending_admin,set_max_price_age,get_feed_id,add_signer,remove_signer,set_signer_threshold,get_signers,get_signer_threshold",""
"9d5cd9c146c23b2044aa077f29c7f77e83c34fd69268295ca4856e4e86e5f807","","","","","increment",""
"9d605447a1b64dc7551f6a0aa61cbce9cb1c7322e221a21e1d30f6b96c3fdb4f","22.0.6#0c47dcfa187069d241f11fb082730f667b55e802","1.85.1","","","add_minterminos,get_minterminos,delete_email,subtract_minterminos",""
"9e329f20fb6e9a3473aebfaf01ce68c2df7c56607282f6092641db2d6bf0ef58","20.5.0#9e2c3022b4355b224a7a814e13ba51761eeb14bb","1.77.2","","","initialize,get_current_round,set_current_round,set_submissions,get_submissions,set_votes_for_submission,get_votes_for_submission_round,get_votes_for_submission,tally_submission,transfer_admin,upgrade,add_layer,remove_layer,update_layer,get_layer,get_neuron,get_neuron_result_round,get_neuron_result,set_neuron_result,get_layer_result,calculate_voting_powers,get_voting_powers,get_neural_governance",""
"9e398ab7ca651b4277df9ed390f4e012465c21447bad21ed6a0e9c6b975fd532","20.5.0#9e2c3022b4355b224a7a814e13ba51761eeb14bb","1.75.0","","","initialize,bond,unbond,create_distribution_flow,distribute_rewards,withdraw_rewards,fund_distribution,query_config,query_admin,query_staked,query_total_staked,query_annualized_rewards,query_withdrawable_rewards,query_distributed_rewards,query_undistributed_rewards,update",""
"9f77e8f327b59abb78fa9f8e42f81260d7077b247b7f7c748484f06409f933b1","23.0.2#a97daf8b07cdf24e9bd45e344db51a21b9ea77d3","1.85.0","redstone-finance/redstone-public-contracts","","init,change_owner,accept_ownership,cancel_ownership_transfer,upgrade,get_prices,write_prices,read_prices,read_timestamp,read_price_data_for_feed,read_price_data,check_price_data,unique_signer_threshold",""
"9fc698f1cfb1ff9f72c82408495445f5b3337df29249fa7230ea6da085ef13d3","25.3.1#e50d95af029c83196dd122f0154bac3f1302394b","1.93.0","","","name,renew,symbol,approve,balance,resolve,upgrade,owner_of,register,transfer,get_price,set_admin,token_uri,early_exit,extend_ttl,gift_renew,initialize,set_status,fix_pricing,set_records,get_approved,get_token_id,is_available,nft_transfer,set_base_uri,total_minted,expire_domain,set_subdomain,transfer_from,get_node_count,approve_for_all,reverse_resolve,set_marketplace,set_ustry_token,get_pause_status,get_vault_shares,set_aquarius_pool,get_operator_wallet,is_approved_for_all,set_aquarius_router,set_operator_wallet,marketplace_transfer,get_domain_attributes,set_pause_registrations,set_aquarius_pool_contract","NftMintEvent,EarlyExitEvent,NftApproveEvent,NftTransferEvent,DomainExpiredEvent,DomainRenewedEvent,RecordUpdatedEvent,RegistryPauseEvent,StatusChangedEvent,DomainRegisteredEvent,NftApproveForAllEvent,DomainTransferredEvent,MarketplaceTransferEvent"
"a552658eaf572b4c6230e8a3b94b6ebfbf458487a74f720d992fbec61e8fbb46","21.7.7#5da789c50b18a4c2be53394138212fed56f0dfc4","1.96.0","","","admin,initialize,get_execution,fail_execution,queue_execution,start_execution,submit_execution,complete_execution",""
"a757fd97e5a67f586c5aadf6ba8d17a9d3df872ccae093e564c2b3de143c05f3","20.5.0#9e2c3022b4355b224a7a814e13ba51761eeb14bb","1.75.0","","","initialize,bond,unbond,create_distribution_flow,distribute_rewards,withdraw_rewards,fund_distribution,query_config,query_admin,query_staked,query_total_staked,query_annualized_rewards,query_withdrawable_rewards,query_distributed_rewards,query_undistributed_rewards,update",""
"aac8f507c24baaf83e20a7e72cae725f156898bbc32081fdb673e3f3251537c2","23.0.3#6aa930b08eabfd578b7824a0d5de473cbd958282","1.85.0","","","init,change_owner,accept_ownership,cancel_ownership_transfer,upgrade,get_prices,write_prices,read_prices,read_timestamp,read_price_data_for_feed,read_price_data,check_price_data,unique_signer_threshold",""
"ac8236bac37cf774b91d4f7dad1307508f3d3ff400cb0484812e1f9d75aef7ac","23.0.2#a97daf8b07cdf24e9bd45e344db51a21b9ea77d3","1.85.0","redstone-finance/redstone-public-contracts","","init,change_owner,upgrade,decimals,description,feed_id,read_price,read_timestamp,read_price_and_timestamp,read_price_data",""
"af5e45ae0a21eb1be84453e06a08365820e03d644e8155e27469a002fabafadc","22.0.7#211569aa49c8d896877dfca1f2eb4fe9071121c8","1.81.0","","","constructor,set_owner,owner_withdraw,increase_instant_ttl,clear_deposit,set_public_key,withdraw,deposit,get_deposit,get_public_key,is_executed,get_owner,hot_verify",""
"b0718b590c112d928b2b4f1868f7a1b2ace50bff4beb8ae4031011ae73577d0f","21.7.4#f67b4bf2d2de04d87d28225a99027fd40b7da914","1.78.0","","","initialize,set_admin,set_upgrade_authority,set_protocol_fee,set_protocol_fee_handler,set_default_connection,send_call,handle_message,handle_error,execute_call,execute_rollback,get_admin,get_upgrade_authority,get_network_address,get_fee,get_protocol_fee,get_protocol_fee_handler,get_default_connection,verify_success,upgrade,version,extend_instance_storage",""
"b400f7a8ac121022955be1bd2468fcb99f126d2aa2fcc185a6abba36e83a3ef2","22.0.8#f46e9e0610213bbb72285566f9dd960ff96d03d8","1.85.0","","","init,change_owner,upgrade,get_prices,write_prices,read_prices,read_timestamp,read_price_data_for_feed,read_price_data,unique_signer_threshold",""
"b8f8d3739579369f5bd2736c2dba347b12a2a76c102dccd00d205f10a7f1e026","25.0.0-rc.2#acffbbd45be6a0a551146eebfc268d6f95078246","1.91.1","","","admin,has_vk,set_vk,upgrade,version,set_admin,extend_ttl,init_admin,verify_proof,is_initialized",""
"b9a63c1d0aabe503799c68e67cde630374a082c565b26d4c3d83cfc3c238522c","20.4.0#70b12eb8c6af0593888154700f0ef68897521708","1.75.0","","","initialize,bond,unbond,create_distribution_flow,distribute_rewards,withdraw_rewards,fund_distribution,query_config,query_admin,query_staked,query_total_staked,query_annualized_rewards,query_withdrawable_rewards,query_distributed_rewards,query_undistributed_rewards",""
"bad20d5456460200b24e3d94cc9d742cf8dacb58ed97042cbcab2f47176c4ca0","22.0.7#211569aa49c8d896877dfca1f2eb4fe9071121c8","1.81.0","","","constructor,get_owner,set_owner,set_public_key,withdraw,deposit,get_deposit,get_public_key,verify_signature,hot_verify,hot_verify_refund",""
"bb81f0927f2445f8b696aead5f73f820728b983c9bdbead515ce295d8fd2032d","22.0.8#f46e9e0610213bbb72285566f9dd960ff96d03d8","1.85.0","","","init,change_owner,upgrade,decimals,description,feed_id,read_price,read_timestamp,read_price_and_timestamp,read_price_data",""
"bc09c05b214c19a5468214c345937b294d9ccf927293c2fda65b5696ffffd9ab","25.3.1#e50d95af029c83196dd122f0154bac3f1302394b","1.93.0","","","name,renew,symbol,approve,balance,resolve,upgrade,owner_of,register,transfer,get_price,set_admin,token_uri,early_exit,extend_ttl,gift_renew,initialize,set_status,fix_pricing,get_xld_sac,set_records,set_xld_sac,get_approved,get_token_id,is_available,set_base_uri,set_reserved,total_minted,__constructor,admin_reclaim,expire_domain,set_subdomain,transfer_from,get_node_count,set_avatar_nft,upgrade_domain,approve_for_all,reverse_resolve,set_blacklisted,set_marketplace,set_ustry_token,get_pause_status,get_vault_shares,transfer_by_node,set_aquarius_pool,zap_public_deposit,get_operator_wallet,is_approved_for_all,register_with_ustry,set_aquarius_router,set_operator_wallet,get_early_exit_quote,marketplace_transfer,get_domain_attributes,set_pause_registrations,set_aquarius_pool_contract","NftMintEvent,EarlyExitEvent,NftApproveEvent,NftTransferEvent,DomainExpiredEvent,DomainRenewedEvent,RecordUpdatedEvent,RegistryPauseEvent,StatusChangedEvent,DomainRegisteredEvent,NftApproveForAllEvent,DomainTransferredEvent,MarketplaceTransferEvent"
"be175f49637c6dacce479a69e05f8b6a6980405200ccffca561a5ae4afc125da","20.5.0#9e2c3022b4355b224a7a814e13ba51761eeb14bb","1.75.0","","","initialize,bond,unbond,create_distribution_flow,distribute_rewards,withdraw_rewards,fund_distribution,query_config,query_admin,query_staked,query_total_staked,query_annualized_rewards,query_withdrawable_rewards,query_distributed_rewards,query_undistributed_rewards",""
"be1d0121daae739d0c609358a480e11c9cb212294c7a2783197a4a55873e7e6e","23.0.2#a97daf8b07cdf24e9bd45e344db51a21b9ea77d3","1.85.0","redstone-finance/redstone-public-contracts","","init,change_owner,upgrade,get_prices,write_prices,read_prices,read_timestamp,read_price_data_for_feed,read_price_data,check_price_data,unique_signer_threshold",""
"bf7987804be130993892c07bf928732f4f1da4b1bab3db54c219f3366edbd508","25.3.1#e50d95af029c83196dd122f0154bac3f1302394b","1.95.0","","","init,upgrade,get_prices,read_prices,change_owner,write_prices,read_timestamp,read_price_data,accept_ownership,check_price_data,read_price_history,unique_signer_threshold,read_price_data_for_feed,cancel_ownership_transfer",""
"bfd36d86410d32895a100cb168b52b9fea1ff18eb0b54b918540de7a0c8953c1","25.3.1#e50d95af029c83196dd122f0154bac3f1302394b","1.93.0","","","name,renew,symbol,approve,balance,resolve,upgrade,owner_of,register,transfer,get_price,set_admin,token_uri,early_exit,extend_ttl,gift_renew,initialize,set_status,fix_pricing,set_records,get_approved,get_token_id,is_available,set_base_uri,set_reserved,total_minted,__constructor,expire_domain,set_subdomain,transfer_from,get_node_count,set_avatar_nft,upgrade_domain,approve_for_all,reverse_resolve,set_blacklisted,set_marketplace,set_ustry_token,get_pause_status,get_vault_shares,transfer_by_node,set_aquarius_pool,zap_public_deposit,get_operator_wallet,is_approved_for_all,register_with_ustry,set_aquarius_router,set_operator_wallet,get_early_exit_quote,marketplace_transfer,get_domain_attributes,set_pause_registrations,set_aquarius_pool_contract","NftMintEvent,EarlyExitEvent,NftApproveEvent,NftTransferEvent,DomainExpiredEvent,DomainRenewedEvent,RecordUpdatedEvent,RegistryPauseEvent,StatusChangedEvent,DomainRegisteredEvent,NftApproveForAllEvent,DomainTransferredEvent,MarketplaceTransferEvent"
"c1835c705b5a8c5aca540cae42bc72985b4331fe8135ed06a7e5a46caee5442e","20.3.2#1d7f9bd8030f69070634bfb07394339824ceb399","1.74.1","","","initialize,mint,mint_to,mint_for,claim_tokens,claim_token,burn_remaining,update_admin,get_launchpad_info,get_tokens_to_claim,get_total_minted,get_mint_list,get_tokens_range,version",""
"c1ba12557ac62d1da4632333d4715689ab444537129b20556f2829e003922bf6","21.4.0#d6f5639f643d76e758beecbb0ca391f8cd304c24","1.80.0","","","initialize,get_current_round,set_current_round,set_submissions,get_submissions,set_votes_for_submission,get_votes_for_submission_round,get_votes_for_submission,tally_submission,transfer_admin,upgrade,add_layer,remove_layer,update_layer,get_layer,get_neuron,get_neuron_result_round,get_neuron_result,set_neuron_result,get_layer_result,calculate_voting_powers,get_voting_powers,get_neural_governance",""
"c2434d1967c5555a703e9bad8baef88c94d1f1909a65bb2138866cf96b8d101d","22.0.8#f46e9e0610213bbb72285566f9dd960ff96d03d8","1.91.1","","","burn,mint,name,admin,symbol,approve,balance,upgrade,decimals,transfer,allowance,burn_from,set_admin,initialize,set_client,send_message,set_metadata,create_sender,remove_sender,transfer_from,__constructor,receive_message,add_refund_request,create_trusted_addr,remove_trusted_addr,process_refund_request",""
"c4f6b42351f46e0c8190f21cfdedb734e7f4247c1fd610a7dff7d14f1d7c9ba5","25.3.1#e50d95af029c83196dd122f0154bac3f1302394b","1.93.0","","","name,renew,symbol,approve,balance,resolve,upgrade,owner_of,register,transfer,get_price,set_admin,token_uri,early_exit,extend_ttl,gift_renew,initialize,set_status,fix_pricing,set_records,get_approved,get_token_id,is_available,nft_transfer,set_base_uri,total_minted,expire_domain,set_subdomain,transfer_from,get_node_count,approve_for_all,reverse_resolve,set_marketplace,set_ustry_token,get_pause_status,get_vault_shares,set_aquarius_pool,is_approved_for_all,set_aquarius_router,marketplace_transfer,get_domain_attributes,set_pause_registrations","NftMintEvent,EarlyExitEvent,NftApproveEvent,NftTransferEvent,DomainExpiredEvent,DomainRenewedEvent,RecordUpdatedEvent,RegistryPauseEvent,StatusChangedEvent,DomainRegisteredEvent,NftApproveForAllEvent,DomainTransferredEvent,MarketplaceTransferEvent"
"c5a309cc6304f7f940711afdf63d3cf7e8f47f231c924ea31214eee4019c09ff","21.7.4#f67b4bf2d2de04d87d28225a99027fd40b7da914","1.81.0","","","find,mine,stake,un_stake,fkin_nuke_it",""
"c8ac3153e6f155e6681d31617e95a1ab6ce8642e903569d592f48f8409e79243","23.0.2#a97daf8b07cdf24e9bd45e344db51a21b9ea77d3","1.85.0","","","init,change_owner,upgrade,get_prices,write_prices,read_prices,read_timestamp,read_price_data_for_feed,read_price_data,check_price_data,unique_signer_threshold,version",""
"cc74acb56fd01ef560b5d443cd58fe11d5acbece0e4001612ebb31020fc92f97","22.0.7#211569aa49c8d896877dfca1f2eb4fe9071121c8","1.79.0","","","constructor,set_owner,owner_withdraw,increase_instant_ttl,clear_deposit,set_public_key,withdraw,deposit,get_deposit,get_timestmp,get_public_key,is_executed,get_owner,hot_verify",""
"cd078e4d495a61a113a6ba457f5efa4579c5bc41a396779fd82f164aa75e9942","22.0.7#211569aa49c8d896877dfca1f2eb4fe9071121c8","1.81.0","","","gas_service,chain_name,its_hub_chain_name,its_hub_address,native_token_address,interchain_token_wasm_hash,token_manager_wasm_hash,is_trusted_chain,set_trusted_chain,remove_trusted_chain,interchain_token_id,canonical_interchain_token_id,interchain_token_address,token_manager_address,registered_token_address,deployed_token_manager,token_manager_type,flow_limit,flow_out_amount,flow_in_amount,set_flow_limit,deploy_interchain_token,deploy_remote_interchain_token,register_canonical_token,deploy_remote_canonical_token,interchain_transfer,__constructor,operator,transfer_operatorship,owner,transfer_ownership,paused,pause,unpause,version,required_auths,upgrade,migrate,gateway,execute",""
"cd8ad034fd37e246ca578b1cfd1dc3d95fb532a6591ecf491ee01d2db03f5244","25.3.0#dcbea44513feb7734af6b6c4aced2c4a7a2715d0","1.89.0","","","",""
"ce4dcf0f00695a5ee5804e390ce4cf8b4587ce689bab3f7955f54b4f03f3799c","20.5.0#9e2c3022b4355b224a7a814e13ba51761eeb14bb","1.79.0","","","publish_story,update_story,create_task,update_task,cancel_task,create_task_submit,withdraw_task_submit,mark_task_done,get_state",""
"cff428d9fbfc44004a7727a74b0a54902d107c8dfe0fe41ad29a3f93b0631934","21.7.7#5da789c50b18a4c2be53394138212fed56f0dfc4","1.96.0","","","state,allow_dex,initialize,revoke_dex,allow_contract,authorize_spend,revoke_contract,set_spend_limit",""
"d28683f723ae932a0eae1ced62a91a23738af3d8bbb79bcfb1fc7b20e9a9f2f9","25.3.1#e50d95af029c83196dd122f0154bac3f1302394b","1.93.0","","","name,renew,symbol,approve,balance,resolve,upgrade,owner_of,register,transfer,get_price,set_admin,token_uri,early_exit,extend_ttl,gift_renew,initialize,set_status,fix_pricing,set_records,get_approved,get_token_id,is_available,nft_transfer,set_base_uri,set_reserved,total_minted,expire_domain,set_subdomain,transfer_from,get_node_count,set_avatar_nft,upgrade_domain,approve_for_all,reverse_resolve,set_blacklisted,set_marketplace,set_ustry_token,get_pause_status,get_vault_shares,set_aquarius_pool,zap_public_deposit,get_operator_wallet,is_approved_for_all,register_with_ustry,set_aquarius_router,set_operator_wallet,marketplace_transfer,get_domain_attributes,set_pause_registrations,set_aquarius_pool_contract","NftMintEvent,EarlyExitEvent,NftApproveEvent,NftTransferEvent,DomainExpiredEvent,DomainRenewedEvent,RecordUpdatedEvent,RegistryPauseEvent,StatusChangedEvent,DomainRegisteredEvent,NftApproveForAllEvent,DomainTransferredEvent,MarketplaceTransferEvent"
"d2bac3ddc9d0d643fdd6f0dcd6dde2bcd421525307e73cbebe7b609d63a9b9b9","21.7.7#5da789c50b18a4c2be53394138212fed56f0dfc4","1.96.0","","","get_agent,initialize,record_payment,register_agent,registry_admin,get_agent_price,get_agent_stats,is_agent_active,deactivate_agent,validator_address",""
"d30802b77f8a5c12023af2f7158e979113803a4c623d52e8e03d0ae5b46c6039","25.3.1#e50d95af029c83196dd122f0154bac3f1302394b","1.93.0","","","name,renew,symbol,approve,balance,resolve,upgrade,owner_of,register,transfer,get_price,set_admin,token_uri,early_exit,extend_ttl,gift_renew,initialize,set_status,fix_pricing,get_xld_sac,set_records,set_xld_sac,get_approved,get_token_id,is_available,set_base_uri,set_reserved,total_minted,__constructor,admin_reclaim,admin_restore,expire_domain,set_subdomain,transfer_from,get_node_count,set_avatar_nft,upgrade_domain,approve_for_all,reverse_resolve,set_blacklisted,set_marketplace,set_ustry_token,get_pause_status,get_vault_shares,transfer_by_node,get_domain_status,set_aquarius_pool,set_reserved_batch,zap_public_deposit,admin_reclaim_batch,get_operator_wallet,is_approved_for_all,register_with_ustry,set_aquarius_router,set_operator_wallet,get_early_exit_quote,marketplace_transfer,get_domain_attributes,set_blacklisted_batch,set_pause_registrations,set_aquarius_pool_contract","NftMintEvent,EarlyExitEvent,NftApproveEvent,NftTransferEvent,DomainExpiredEvent,DomainRenewedEvent,RecordUpdatedEvent,RegistryPauseEvent,StatusChangedEvent,DomainRegisteredEvent,NftApproveForAllEvent,DomainTransferredEvent,MarketplaceTransferEvent"
"d385f66c1e949400cd355ae03ec178b4b949f712cdb03176075d8dc96c6f4fe9","25.0.0-rc.2#acffbbd45be6a0a551146eebfc268d6f95078246","1.91.1","","","admin,has_vk,set_vk,upgrade,version,has_vk_id,set_admin,extend_ttl,init_admin,set_vk_by_id,verify_proof,default_vk_id,is_initialized,verify_proof_vk,set_default_vk_id",""
"d6c6573dab16d78404ea3a07f61c78075862bc8a81795e0f09c6d2e0bd9eeb9b","25.3.1#e50d95af029c83196dd122f0154bac3f1302394b","1.93.0","","","name,renew,symbol,approve,balance,resolve,upgrade,owner_of,register,transfer,get_price,set_admin,token_uri,early_exit,extend_ttl,gift_renew,initialize,set_status,fix_pricing,set_records,get_approved,get_token_id,is_available,nft_transfer,set_base_uri,total_minted,expire_domain,set_subdomain,transfer_from,get_node_count,approve_for_all,reverse_resolve,set_marketplace,set_ustry_token,get_pause_status,get_vault_shares,set_aquarius_pool,get_operator_wallet,is_approved_for_all,set_aquarius_router,set_operator_wallet,marketplace_transfer,get_domain_attributes,set_pause_registrations,set_aquarius_pool_contract","NftMintEvent,EarlyExitEvent,NftApproveEvent,NftTransferEvent,DomainExpiredEvent,DomainRenewedEvent,RecordUpdatedEvent,RegistryPauseEvent,StatusChangedEvent,DomainRegisteredEvent,NftApproveForAllEvent,DomainTransferredEvent,MarketplaceTransferEvent"
"d718b1806fe0b27e649851dc83704d958a07a2b0d11c76209c67bda7c235872d","25.3.1#e50d95af029c83196dd122f0154bac3f1302394b","1.93.0","","","name,renew,symbol,approve,balance,resolve,upgrade,owner_of,register,transfer,get_price,set_admin,token_uri,early_exit,extend_ttl,gift_renew,initialize,set_status,fix_pricing,set_records,get_approved,get_token_id,is_available,nft_transfer,set_base_uri,set_reserved,total_minted,expire_domain,set_subdomain,transfer_from,get_node_count,set_avatar_nft,upgrade_domain,approve_for_all,reverse_resolve,set_blacklisted,set_marketplace,set_ustry_token,get_pause_status,get_vault_shares,set_aquarius_pool,set_xld_sac_token,zap_public_deposit,get_operator_wallet,is_approved_for_all,register_with_ustry,set_aquarius_router,set_operator_wallet,marketplace_transfer,get_domain_attributes,set_pause_registrations,set_aquarius_pool_contract","NftMintEvent,EarlyExitEvent,NftApproveEvent,NftTransferEvent,DomainExpiredEvent,DomainRenewedEvent,RecordUpdatedEvent,RegistryPauseEvent,StatusChangedEvent,DomainRegisteredEvent,NftApproveForAllEvent,DomainTransferredEvent,MarketplaceTransferEvent"
"d7bc2dc68df16a156710b5702aff4e9dbf3663ed4e71852a6104cce5d67a32df","22.0.8#f46e9e0610213bbb72285566f9dd960ff96d03d8","1.85.0","","","init,change_owner,upgrade,decimals,description,feed_id,read_price,read_timestamp,read_price_and_timestamp,read_price_data",""
"d7e946d08e900886c6160299ccf941b7e62bc201f7d798f4ed65d1000c94e000","21.7.4#f67b4bf2d2de04d87d28225a99027fd40b7da914","1.78.0","","","initialize,set_admin,set_upgrade_authority,set_protocol_fee,set_protocol_fee_handler,set_default_connection,send_call,handle_message,handle_error,execute_call,execute_rollback,get_admin,get_upgrade_authority,get_network_address,get_fee,get_protocol_fee,get_protocol_fee_handler,get_default_connection,verify_success,upgrade,version,extend_instance_storage",""
"d7fb60c602ab8fc3c5752f4e9da35d193d9077111ff95648350b2029693939e7","22.0.8#f46e9e0610213bbb72285566f9dd960ff96d03d8","1.91.1","","","admin,upgrade,set_admin,initialize,set_relayer,send_message,create_client,create_sender,init_send_msg,remove_sender,update_client,__constructor,add_refund_req,resend_message,receive_message,set_initializer,update_settings,process_refund_req,create_trusted_addr,remove_trusted_addr,init_receive_message,confirm_incoming_refund,transfer_sending_result,get_serialized_init_message_hash",""
"daa8479ff3ad803729f57816ecc2311aa58a7c4b38e3a08ff2a60d976a47485e","25.3.1#e50d95af029c83196dd122f0154bac3f1302394b","1.93.0","","","name,renew,symbol,approve,balance,resolve,upgrade,owner_of,register,transfer,get_price,set_admin,token_uri,early_exit,extend_ttl,gift_renew,initialize,set_status,fix_pricing,set_records,get_approved,get_token_id,is_available,nft_transfer,set_base_uri,total_minted,expire_domain,set_subdomain,transfer_from,get_node_count,approve_for_all,reverse_resolve,set_marketplace,set_ustry_token,get_pause_status,get_vault_shares,set_aquarius_pool,get_operator_wallet,is_approved_for_all,set_aquarius_router,set_operator_wallet,marketplace_transfer,get_domain_attributes,set_pause_registrations,set_aquarius_pool_contract","NftMintEvent,EarlyExitEvent,NftApproveEvent,NftTransferEvent,DomainExpiredEvent,DomainRenewedEvent,RecordUpdatedEvent,RegistryPauseEvent,StatusChangedEvent,DomainRegisteredEvent,NftApproveForAllEvent,DomainTransferredEvent,MarketplaceTransferEvent"
"daf5f37986b0db95e6a4fd4fd71dfb9753508b1a1c1215856e86a0e3e8c77624","21.7.4#f67b4bf2d2de04d87d28225a99027fd40b7da914","1.81.0","","","upgrade,find,mine,stake,un_stake,fkin_nuke_it",""
"df7038ed9bd30e83953acb56190d5e4ddb0e0e7a6dae2da97c609d87c77a29ef","20.5.0#9e2c3022b4355b224a7a814e13ba51761eeb14bb","1.75.0","","","initialize,bond,unbond,create_distribution_flow,distribute_rewards,withdraw_rewards,fund_distribution,query_config,query_admin,query_staked,query_total_staked,query_annualized_rewards,query_withdrawable_rewards,query_distributed_rewards,query_undistributed_rewards",""
"ea0e7893665c3d777fc71b6ee42fbc8ef9206c5d1d1aabc9456ba25853bd89f9","21.7.7#5da789c50b18a4c2be53394138212fed56f0dfc4","1.96.0","","","initialize,get_pending,is_confirmed,admin_address,get_confirmed,confirm_deploy,request_deploy,get_fee_history,validate_wallet,registry_address,treasury_balance,withdraw_treasury,get_validation_fee,set_validation_fee",""
"ecff7ba1c111a39019223053da9bfcbc494d2165b8bea315736ee54e780d31cc","20.5.0#9e2c3022b4355b224a7a814e13ba51761eeb14bb","1.79.0","","","initialize,set_admin,set_upgrade_authority,set_protocol_fee,set_protocol_fee_handler,set_default_connection,send_call,handle_message,handle_error,execute_call,execute_rollback,get_admin,get_upgrade_authority,get_network_address,get_fee,get_protocol_fee,get_protocol_fee_handler,get_default_connection,verify_success,upgrade,extend_instance_storage",""
"ed1762aa118cc09a2c035213f92b8cc0fa32d74302ec9636d4f925a3eba49dc3","22.0.7#211569aa49c8d896877dfca1f2eb4fe9071121c8","1.81.0","","","gas_service,chain_name,its_hub_chain_name,its_hub_address,native_token_address,interchain_token_wasm_hash,token_manager_wasm_hash,is_trusted_chain,set_trusted_chain,remove_trusted_chain,interchain_token_id,canonical_interchain_token_id,interchain_token_address,token_manager_address,registered_token_address,deployed_token_manager,token_manager_type,flow_limit,flow_out_amount,flow_in_amount,set_flow_limit,deploy_interchain_token,deploy_remote_interchain_token,register_canonical_token,deploy_remote_canonical_token,interchain_transfer,migrate_token,__constructor,operator,transfer_operatorship,owner,transfer_ownership,paused,pause,unpause,version,required_auths,upgrade,migrate,gateway,execute",""
"ef7826a15ecd0c5f64ddd7d58c5ae1776f0d6c3527a1757382991400137f8698","23.0.2#a97daf8b07cdf24e9bd45e344db51a21b9ea77d3","1.85.0","","","init,change_owner,upgrade,get_prices,write_prices,read_prices,read_timestamp,read_price_data_for_feed,read_price_data,unique_signer_threshold",""
"f0687241de338157d674a775ffe3e82e5e28f851b88208e1c3ef783848df84aa","","","","","callc",""
"f0ccdffc29931abed6d77eef359450b183584103a3665be1f080f5f712b1542e","25.3.1#e50d95af029c83196dd122f0154bac3f1302394b","1.95.0","redstone-finance/redstone-public-contracts","","init,upgrade,get_prices,read_prices,change_owner,write_prices,read_timestamp,read_price_data,accept_ownership,check_price_data,read_price_history,unique_signer_threshold,read_price_data_for_feed,cancel_ownership_transfer",""
"f594f8e4386eef6594afce02bdb52e543ca7a43bce14921f6566359eaa4a335c","22.0.7#211569aa49c8d896877dfca1f2eb4fe9071121c8","1.81.0","","","constructor,get_owner,set_owner,set_public_key,withdraw,deposit,get_deposit,get_public_key,hot_verify",""
"f91e87156873f20bd14b47ae34e998670d398aceb87068fb5ad2585a3997ce5d","25.3.1#e50d95af029c83196dd122f0154bac3f1302394b","1.93.0","","","name,renew,symbol,approve,balance,resolve,upgrade,owner_of,register,transfer,get_price,set_admin,token_uri,early_exit,extend_ttl,gift_renew,initialize,set_status,fix_pricing,get_xld_sac,set_records,set_xld_sac,get_approved,get_token_id,is_available,set_base_uri,set_reserved,total_minted,__constructor,expire_domain,set_subdomain,transfer_from,get_node_count,set_avatar_nft,upgrade_domain,approve_for_all,reverse_resolve,set_blacklisted,set_marketplace,set_ustry_token,get_pause_status,get_vault_shares,transfer_by_node,set_aquarius_pool,zap_public_deposit,get_operator_wallet,is_approved_for_all,register_with_ustry,set_aquarius_router,set_operator_wallet,get_early_exit_quote,marketplace_transfer,get_domain_attributes,set_pause_registrations,set_aquarius_pool_contract","NftMintEvent,EarlyExitEvent,NftApproveEvent,NftTransferEvent,DomainExpiredEvent,DomainRenewedEvent,RecordUpdatedEvent,RegistryPauseEvent,StatusChangedEvent,DomainRegisteredEvent,NftApproveForAllEvent,DomainTransferredEvent,MarketplaceTransferEvent"
"fb2a2ff44d6e2034d8428fd5c87506ba181c9a02ba82ed12fed63329b2194f31","22.0.6#0c47dcfa187069d241f11fb082730f667b55e802","1.85.1","","","increment,get_balance,delete_email,decrement",""
"fdb6971a3197ba1d67567dcd7e2da1934c946096197481028e4495ea1b1eb81b","25.3.1#e50d95af029c83196dd122f0154bac3f1302394b","1.93.0","","","name,renew,symbol,approve,balance,resolve,upgrade,owner_of,register,transfer,get_price,set_admin,token_uri,early_exit,extend_ttl,gift_renew,initialize,set_status,fix_pricing,get_xld_sac,set_records,set_xld_sac,get_approved,get_token_id,is_available,set_base_uri,set_reserved,total_minted,__constructor,admin_reclaim,expire_domain,set_subdomain,transfer_from,get_node_count,set_avatar_nft,upgrade_domain,approve_for_all,reverse_resolve,set_blacklisted,set_marketplace,set_ustry_token,get_pause_status,get_vault_shares,transfer_by_node,get_domain_status,set_aquarius_pool,zap_public_deposit,get_operator_wallet,is_approved_for_all,register_with_ustry,set_aquarius_router,set_operator_wallet,get_early_exit_quote,marketplace_transfer,get_domain_attributes,set_pause_registrations,set_aquarius_pool_contract","NftMintEvent,EarlyExitEvent,NftApproveEvent,NftTransferEvent,DomainExpiredEvent,DomainRenewedEvent,RecordUpdatedEvent,RegistryPauseEvent,StatusChangedEvent,DomainRegisteredEvent,NftApproveForAllEvent,DomainTransferredEvent,MarketplaceTransferEvent"
